[
  {
    "Id": "894524",
    "ThreadId": "389952",
    "Html": "\r\n<p>Hi,</p>\r\n<p>I've just installed NShader 1.3 on my VS 2010 Pro with nVidia's Nsight. The syntax highlight is working properly (I guess -- see below), but the editor keeps underlining HLSL keywords and syntax, stating things like&nbsp;&nbsp;</p>\r\n<p><span style=\"color:#ff0000\">identifier $$$ is undefined</span></p>\r\n<p>for keywords like <span style=\"color:#0000ff\">float2,&nbsp;SV_POSITION&nbsp;</span>and\r\n<span style=\"color:#0000ff\">SamplerState</span>, and</p>\r\n<p><span style=\"color:#ff0000\">expected a declaration</span></p>\r\n<p>for the &quot;<span style=\"color:#0000ff\">:</span>&quot; in statements like</p>\r\n<p><span style=\"color:#0000ff\">Texture2D billboard : register( t0 );</span></p>\r\n<p>Did I do something wrong?</p>\r\n<p>Also, HLSL reserved words like &quot;<span style=\"color:#0000ff\">cbuffer</span>&quot;, &quot;<span style=\"color:#0000ff\">Texture2D</span>&quot; and &quot;<span style=\"color:#0000ff\">SamplerState</span>&quot; are not highlighted, as well as system value semantics and semantics with no\r\n index (<span style=\"color:#0000ff\">TEXCOORD0 </span>is highlighted, but&nbsp;<span style=\"color:#0000ff\">TEXCOORD</span> is not). Is this the expected behavior?</p>\r\n<p>Thx a lot for the good work!</p>\r\n",
    "PostedDate": "2012-08-02T01:58:16.733-07:00",
    "UserRole": null,
    "MarkedAsAnswerDate": null
  }
]