[
  {
    "Id": "565650",
    "ThreadId": "245904",
    "Html": "\r\n<p>The .vsix file won't run with my vs2010 install.</p>\r\n<p>Error dialog content follows:</p>\r\n<p>---------------------------<br>\r\nVisual Studio Extension Installer<br>\r\n---------------------------<br>\r\nThis extension is not installable on any currently installed products.<br>\r\n---------------------------<br>\r\nOK&nbsp;&nbsp; <br>\r\n---------------------------</p>\r\n<p>&nbsp;</p>\r\n<p>Note- I don't have visual studio 2008 installed, so I can't install earlier installer versions either.</p>\r\n",
    "PostedDate": "2011-02-13T21:26:24.553-08:00",
    "UserRole": null,
    "MarkedAsAnswerDate": null
  },
  {
    "Id": "565664",
    "ThreadId": "245904",
    "Html": "<p>Unfortunately, Visual Studio doesn't allow to install plugins on any Express editions.</p>",
    "PostedDate": "2011-02-13T22:25:42.87-08:00",
    "UserRole": null,
    "MarkedAsAnswerDate": null
  }
]