[
  {
    "Id": "241099",
    "ThreadId": "70770",
    "Html": "<p>Great plugin! One issue&nbsp;I have is that DX SDK has a lot of samples in .hlsl files. It'll be great if the plugin can recognize that extension.</p>",
    "PostedDate": "2009-10-01T16:50:44.78-07:00",
    "UserRole": null,
    "MarkedAsAnswerDate": null
  },
  {
    "Id": "241322",
    "ThreadId": "70770",
    "Html": "<p>Thanks! You are right, i missed that one. I will add the .hlsl as well as .psh and .vsh extensions.</p>",
    "PostedDate": "2009-10-02T08:15:39.417-07:00",
    "UserRole": null,
    "MarkedAsAnswerDate": null
  },
  {
    "Id": "269636",
    "ThreadId": "70770",
    "Html": "<p>Any idea when this will be added? Is there a way I can force the add-in to recognize .hlsl files as HLSL files?&nbsp;</p>\r\n<p>Thanks!</p>",
    "PostedDate": "2009-12-21T10:36:51.017-08:00",
    "UserRole": null,
    "MarkedAsAnswerDate": null
  },
  {
    "Id": "269644",
    "ThreadId": "70770",
    "Html": "<p>Sorry for the delay, i'm still busy on another project, but i expect to release a version that will correct this (end of December or in Jan 2010). Anyway, here is a workaround :</p>\r\n<div><span style=\"font-family:Arial;font-size:x-small\">a quick fix could be to add a registry  entry :</span></div>\r\n<div>&nbsp;</div>\r\n<div><span style=\"font-family:Arial;font-size:x-small\">Under 32bits :  HKEY_LOCAL_MACHINE\\SOFTWARE\\Microsoft\\VisualStudio\\9.0\\Languages\\File  Extensions</span></div>\r\n<div><span style=\"font-family:Arial;font-size:x-small\">Under 64bits :  HKEY_LOCAL_MACHINE\\SOFTWARE\\Wow6432Node\\Microsoft\\VisualStudio\\9.0\\Languages\\File  Extensions</span></div>\r\n<div>&nbsp;</div>\r\n<div><span style=\"font-family:Arial;font-size:x-small\">Check for existing ..fx extension and copy the  same entry (with subkeys) to your new extension (.hlsl, .vsh, .psh...etc.) </span></div>",
    "PostedDate": "2009-12-21T10:52:15.817-08:00",
    "UserRole": null,
    "MarkedAsAnswerDate": null
  },
  {
    "Id": "269690",
    "ThreadId": "70770",
    "Html": "<p>Works like a charm, thanks!</p>",
    "PostedDate": "2009-12-21T13:18:23.15-08:00",
    "UserRole": null,
    "MarkedAsAnswerDate": null
  },
  {
    "Id": "444016",
    "ThreadId": "70770",
    "Html": "<p>NShader 1.1 solved this issue, adding .hlsl extension by default</p>\r\n<p>&nbsp;</p>",
    "PostedDate": "2010-05-17T15:33:46.173-07:00",
    "UserRole": null,
    "MarkedAsAnswerDate": null
  }
]