[
  {
    "Id": "70770",
    "Title": "support for .hlsl extension?",
    "LatestDate": "2010-05-17T15:33:46.173-07:00"
  },
  {
    "Id": "71044",
    "Title": "Manque quelques fonctions",
    "LatestDate": "2010-05-17T15:37:03.487-07:00"
  },
  {
    "Id": "75165",
    "Title": ".geom extension for glsl (or extension genericity)",
    "LatestDate": "2011-10-11T09:04:38.72-07:00"
  },
  {
    "Id": "76961",
    "Title": "Visual studio 2005",
    "LatestDate": "2010-05-17T15:43:24.823-07:00"
  },
  {
    "Id": "80334",
    "Title": "Expand/Collapse",
    "LatestDate": "2010-05-17T15:38:16.457-07:00"
  },
  {
    "Id": "83356",
    "Title": "Customizing Colors ?",
    "LatestDate": "2010-09-30T11:18:49.387-07:00"
  },
  {
    "Id": "209858",
    "Title": "Support of Visual Studio 2010",
    "LatestDate": "2010-08-17T03:01:18.467-07:00"
  },
  {
    "Id": "215820",
    "Title": "NShader locks devenv.exe",
    "LatestDate": "2010-06-12T10:19:01.757-07:00"
  },
  {
    "Id": "223496",
    "Title": "Not working under vs2010 pro",
    "LatestDate": "2010-09-17T05:29:50.47-07:00"
  },
  {
    "Id": "236495",
    "Title": "can't load NShaderVS2010.csproj ?",
    "LatestDate": "2010-12-01T02:24:45.157-08:00"
  },
  {
    "Id": "243654",
    "Title": "Fixed problems on Windows XP 64-bit (VS 2010 Professional)",
    "LatestDate": "2011-01-29T06:45:29.453-08:00"
  },
  {
    "Id": "244454",
    "Title": "NOD32 v4 SAY IT TROJAN VIRUS",
    "LatestDate": "2011-02-03T07:02:43.153-08:00"
  },
  {
    "Id": "245904",
    "Title": "vs2010 express installer?",
    "LatestDate": "2011-02-13T22:25:42.87-08:00"
  },
  {
    "Id": "247500",
    "Title": "files extension for HLSL files",
    "LatestDate": "2011-06-22T00:44:04.927-07:00"
  },
  {
    "Id": "249146",
    "Title": "modified for use with OpenCL kernels",
    "LatestDate": "2011-03-10T11:35:30.33-08:00"
  },
  {
    "Id": "250201",
    "Title": "thanks",
    "LatestDate": "2011-03-17T21:15:51.813-07:00"
  },
  {
    "Id": "281795",
    "Title": "Replacing Parallel Nsight Highlighting",
    "LatestDate": "2011-12-21T09:31:49.463-08:00"
  },
  {
    "Id": "282197",
    "Title": "Open Shading Language support",
    "LatestDate": "2011-12-07T14:48:27.357-08:00"
  },
  {
    "Id": "311287",
    "Title": "slfx files?",
    "LatestDate": "2012-02-13T18:14:22.517-08:00"
  },
  {
    "Id": "357465",
    "Title": "Can't Install On Visual Studio 11 Beta, Fix It Please ~",
    "LatestDate": "2012-05-29T02:30:38.36-07:00"
  },
  {
    "Id": "377376",
    "Title": "Visual Studio 2012 RC - Dark colour theme issue",
    "LatestDate": "2013-09-10T18:21:14.01-07:00"
  },
  {
    "Id": "389952",
    "Title": "VS2010 editor \"identifier $$$ is undefined\" error (syntax highlight is OK, though)",
    "LatestDate": "2012-08-02T01:58:16.733-07:00"
  },
  {
    "Id": "390302",
    "Title": "Adding extension for version 1.3",
    "LatestDate": "2012-08-04T16:03:58.23-07:00"
  },
  {
    "Id": "391949",
    "Title": "NShader 1.3 for visual studio 2012 not highlighting",
    "LatestDate": "2013-08-27T13:45:25.657-07:00"
  },
  {
    "Id": "394745",
    "Title": "Support for .shader file extension",
    "LatestDate": "2014-09-12T02:25:10.883-07:00"
  },
  {
    "Id": "401682",
    "Title": "Can't uninstall v1.3 and the highligting function is not working too",
    "LatestDate": "2012-11-02T07:24:17.807-07:00"
  },
  {
    "Id": "406344",
    "Title": "Crashing my Visual Studio",
    "LatestDate": "2012-12-12T05:46:35.213-08:00"
  },
  {
    "Id": "453844",
    "Title": "VS2012 only clearing the font & color cache worked",
    "LatestDate": "2013-08-19T10:06:44.367-07:00"
  },
  {
    "Id": "462583",
    "Title": "Visual Studio 2013 support",
    "LatestDate": "2015-02-24T09:00:24.07-08:00"
  },
  {
    "Id": "468691",
    "Title": "compile source code",
    "LatestDate": "2013-11-14T07:03:46.273-08:00"
  },
  {
    "Id": "524370",
    "Title": "Shader Extension for Tessellation Shader",
    "LatestDate": "2014-01-24T04:53:55.893-08:00"
  }
]