[
  {
    "Id": "1195333",
    "ThreadId": "524370",
    "Html": "Hello,\r<br />\n<br />\nI am asking if you could please add the extensions <em>.tesc and </em>.tese (for Tessellation Control and Tessellation Evaluation) Shader?\r<br />\n<br />\nSince these Extensions are preferred to be used with the Reference Compiler I think they should be included.\r<br />\n<br />\nMaybe its good to add *.comp for Computation Shaders as well. \r<br />\n<br />\nKind Regards<br />\n",
    "PostedDate": "2014-01-24T04:53:55.893-08:00",
    "UserRole": null,
    "MarkedAsAnswerDate": null
  }
]