[
  {
    "Id": "707344",
    "ThreadId": "281795",
    "Html": "\r\n<p>Followed the instructions mentioned on the home page. Even had to reboot into safe mode to alter the specified file. However both VS2008 and VS2010 are still showing Parallel Nsight's crappy syntax highlighting. Also tried to reset the font/color cache which\r\n did not work either.</p>\r\n<p>&nbsp;</p>\r\n<p>Would really like to know what else to try?</p>\r\n",
    "PostedDate": "2011-12-04T20:28:40.977-08:00",
    "UserRole": null,
    "MarkedAsAnswerDate": null
  },
  {
    "Id": "707351",
    "ThreadId": "281795",
    "Html": "<p>There is probably another pkgdef files that is replacing NShader extensions.</p>\r\n<p>You could follow this post: <a href=\"http://blogs.msdn.com/b/visualstudio/archive/2010/03/22/troubleshooting-pkgdef-files.aspx\">Troubleshooting pkgdef Files</a> by running your VS2010 with /log and check which pkgdef are actually loaded on your system.</p>\r\n<p>Also, I have slightly modified the workaround for Nsight overrides (you should only remove the lines instead of replacing them by NShader).</p>\r\n<p>&nbsp;</p>\r\n<p>&nbsp;</p>\r\n<p>&nbsp;</p>\r\n<p>&nbsp;</p>",
    "PostedDate": "2011-12-04T20:50:54.843-08:00",
    "UserRole": null,
    "MarkedAsAnswerDate": null
  },
  {
    "Id": "715567",
    "ThreadId": "281795",
    "Html": "<p>Well removing the lines worked for VS2010, but not VS2008 (I use both). It also created a new problem, if I rename a file to have '.fxh' extension it causes visual studio to start throwing nonsensical errors followed by a crash.</p>",
    "PostedDate": "2011-12-21T09:31:49.463-08:00",
    "UserRole": null,
    "MarkedAsAnswerDate": null
  }
]