[
  {
    "Id": "877778",
    "ThreadId": "377376",
    "Html": "\r\n<p>A very nice syntax highlighter but unfortunately it's incompatible with the darker colour scheme that Visual Studio 2012 offers (Tools -&gt; Options -&gt; Color theme). The colours applied make some text very difficult to see on a black background (mostly\r\n the darker blue you use).</p>\r\n<p>Would it be possible to offer support for this configuration?</p>\r\n",
    "PostedDate": "2012-07-19T14:20:55.06-07:00",
    "UserRole": null,
    "MarkedAsAnswerDate": null
  },
  {
    "Id": "878274",
    "ThreadId": "377376",
    "Html": "<p>You can change the colors in the VS Options/Font and colors, look at all Shader Language entries. Unfortunately, it will not support switching between themes (the color changes is done for all theme). Don't have currently time to fix this behavior.</p>",
    "PostedDate": "2012-07-19T18:05:54.66-07:00",
    "UserRole": null,
    "MarkedAsAnswerDate": null
  },
  {
    "Id": "879382",
    "ThreadId": "377376",
    "Html": "<p>Thanks, I didn't realise there were Font/Colour settings for the Shader Language entries.</p>\r\n<p>Great work on the plugin!</p>",
    "PostedDate": "2012-07-20T02:44:22.543-07:00",
    "UserRole": null,
    "MarkedAsAnswerDate": null
  },
  {
    "Id": "906518",
    "ThreadId": "377376",
    "Html": "<p>Any idea of how to fix this issue on VS2010? In Tools&gt;Options&gt;Environment&gt;Fonts and Colors I can change some colors, but I can't seem to find the specific colors Shader Languages.</p>",
    "PostedDate": "2012-08-30T12:42:28.18-07:00",
    "UserRole": null,
    "MarkedAsAnswerDate": null
  },
  {
    "Id": "906573",
    "ThreadId": "377376",
    "Html": "<blockquote style=\"border: solid .1em #ccc; font-style: italic; margin: .25em 1em 0 1em; padding: 0 .25em 0 .25em;\"><strong>cmdalbem wrote:</strong><br />\r\n<p>Any idea of how to fix this issue on VS2010? In Tools&gt;Options&gt;Environment&gt;Fonts and Colors I can change some colors, but I can't seem to find the specific colors Shader Languages.</p>\r\n</blockquote>\r\n<p>Have you tried to remove the font cache from the registry at it is described on the download page for 1.3 release?</p>",
    "PostedDate": "2012-08-30T15:11:24.37-07:00",
    "UserRole": null,
    "MarkedAsAnswerDate": null
  },
  {
    "Id": "907794",
    "ThreadId": "377376",
    "Html": "\r\n<blockquote style=\"border:solid .1em #ccc; font-style:italic; margin:.25em 1em 0 1em; padding:0 .25em 0 .25em\">\r\n<strong>alexandre_mutel wrote:</strong><br>\r\n<blockquote style=\"border:solid .1em #ccc; font-style:italic; margin:.25em 1em 0 1em; padding:0 .25em 0 .25em\">\r\n<strong>cmdalbem wrote:</strong><br>\r\n<p>Any idea of how to fix this issue on VS2010? In Tools&gt;Options&gt;Environment&gt;Fonts and Colors I can change some colors, but I can't seem to find the specific colors Shader Languages.</p>\r\n</blockquote>\r\n<p>Have you tried to remove the font cache from the registry at it is described on the download page for 1.3 release?</p>\r\n</blockquote>\r\n<p>No, I didn't, because I thought it was only for whose no highlighting works at all. But I tried it now because you said to do so, and opening VS2010 again and loading my dark color theme again has brought the same issue again.</p>\r\n<p>If only I could manually edit only the dark blue colors...</p>\r\n",
    "PostedDate": "2012-09-03T07:00:18.597-07:00",
    "UserRole": null,
    "MarkedAsAnswerDate": null
  },
  {
    "Id": "931603",
    "ThreadId": "377376",
    "Html": "<p>I'm in the same situation as cmdalbem. I wish I could use this with the dark color theme. Everytime I work on shaders for a longer while I end up having to convert back to a light theme.. mainly because the the dark blue/red is hard to read. Wish I could just edit them manually, or that there was a \"dark version\" of the nshader.. maybe based on the immensely popular dark theme SonOfObsidian :)</p>",
    "PostedDate": "2012-10-24T04:38:42.327-07:00",
    "UserRole": null,
    "MarkedAsAnswerDate": null
  },
  {
    "Id": "997638",
    "ThreadId": "377376",
    "Html": "I did this a while ago. I can only confirm it works for vs2010.\r<br />\n<br />\n<a href=\"http://studiostyl.es/schemes/son-of-obsidian-resharper-nshader\" rel=\"nofollow\">http://studiostyl.es/schemes/son-of-obsidian-resharper-nshader</a><br />\n",
    "PostedDate": "2013-02-06T19:08:31.333-08:00",
    "UserRole": null,
    "MarkedAsAnswerDate": null
  },
  {
    "Id": "1052448",
    "ThreadId": "377376",
    "Html": "Hello, I followed all of the instructions on the home page, including deleting the registry keys and deleting those lines out of the file, but I still don't get &quot;shader&quot; (or all shaders or shader colours or any variance thereof) as an option in Fonts and Colors.\r<br />\n<br />\nI'm using Windows 8 64-bit and VS 2012.\r<br />\n<br />\nP.S. Thanks for the awesome plugin! :D:D:D<br />\n",
    "PostedDate": "2013-06-03T21:16:41.093-07:00",
    "UserRole": null,
    "MarkedAsAnswerDate": null
  },
  {
    "Id": "1052451",
    "ThreadId": "377376",
    "Html": "Never mind. I was looking in the wrong section :P.\r<br />\n<br />\nThe Shader Language colours are in the <code>Display Items</code> list, not in the <code>Show settings for:</code> dropdown.\r<br />\n<br />\nAgain, thank you for this plugin, it is awesome :)<br />\n",
    "PostedDate": "2013-06-03T21:20:17.557-07:00",
    "UserRole": null,
    "MarkedAsAnswerDate": null
  },
  {
    "Id": "1090937",
    "ThreadId": "377376",
    "Html": "This theme is great but it is <strong>not</strong> up to date with the latest setting strings of NShader.\r<br />\n<br />\nTo fix it, simply replace :<br />\n<pre><code>&lt;Item Name=&quot;Script Comment&quot; Foreground=&quot;0x007B7466&quot; Background=&quot;0x02000000&quot; BoldFont=&quot;No&quot;/&gt;\n&lt;Item Name=&quot;Script Identifier&quot; Foreground=&quot;0x02000000&quot; Background=&quot;0x02000000&quot; BoldFont=&quot;No&quot;/&gt;\n&lt;Item Name=&quot;Script Keyword&quot; Foreground=&quot;0x0063C793&quot; Background=&quot;0x02000000&quot; BoldFont=&quot;No&quot;/&gt;\n&lt;Item Name=&quot;Script Number&quot; Foreground=&quot;0x0022CDFF&quot; Background=&quot;0x02000000&quot; BoldFont=&quot;No&quot;/&gt;\n&lt;Item Name=&quot;Script Operator&quot; Foreground=&quot;0x02000000&quot; Background=&quot;0x02000000&quot; BoldFont=&quot;No&quot;/&gt;\n&lt;Item Name=&quot;Script String&quot; Foreground=&quot;0x000076EC&quot; Background=&quot;0x02000000&quot; BoldFont=&quot;No&quot;/&gt;</code></pre>\n\nWith :<br />\n<pre><code>&lt;Item Name=&quot;Shader Language - Comment&quot; Foreground=&quot;0x007B7466&quot; Background=&quot;0x02000000&quot; BoldFont=&quot;No&quot;/&gt;\n&lt;Item Name=&quot;Shader Language - Identifier&quot; Foreground=&quot;0x02000000&quot; Background=&quot;0x02000000&quot; BoldFont=&quot;No&quot;/&gt;\n&lt;Item Name=&quot;Shader Language - Intrinsic&quot; Foreground=&quot;0xc763c5&quot; Background=&quot;0x02000000&quot; BoldFont=&quot;No&quot;/&gt;\n&lt;Item Name=&quot;Shader Language - Keyword&quot; Foreground=&quot;0x0063C793&quot; Background=&quot;0x02000000&quot; BoldFont=&quot;No&quot;/&gt;\n&lt;Item Name=&quot;Shader Language - Number&quot; Foreground=&quot;0x0022CDFF&quot; Background=&quot;0x02000000&quot; BoldFont=&quot;No&quot;/&gt;\n&lt;Item Name=&quot;Shader Language - Preprocessor&quot; Foreground=&quot;0x00BD82A0&quot; Background=&quot;0x02000000&quot; BoldFont=&quot;No&quot;/&gt;\n&lt;Item Name=&quot;Shader Language - Special&quot; Foreground=&quot;0x006385c7&quot; Background=&quot;0x02000000&quot; BoldFont=&quot;No&quot;/&gt;\n&lt;Item Name=&quot;Shader Language - String&quot; Foreground=&quot;0x000076EC&quot; Background=&quot;0x02000000&quot; BoldFont=&quot;No&quot;/&gt;</code></pre>\n\n",
    "PostedDate": "2013-09-10T18:21:14.01-07:00",
    "UserRole": null,
    "MarkedAsAnswerDate": null
  }
]