[
  {
    "Id": "909546",
    "ThreadId": "394745",
    "Html": "\r\n<p>Hi</p>\r\n<p>I am using Unity3D which is using the .shader file extension, but currently there are no plugin for VS that supports .shader syntax highlighting. I thought this would be the place for such a request. Hope to see it in the future&nbsp;</p>\r\n<p>Best Regards</p>\r\n",
    "PostedDate": "2012-09-07T03:49:06.737-07:00",
    "UserRole": null,
    "MarkedAsAnswerDate": null
  },
  {
    "Id": "914728",
    "ThreadId": "394745",
    "Html": "<p>This would be very nice.</p>\r\n<p>&nbsp;</p>\r\n<p>There are some suggestoins how to get it work, which won't work for me:</p>\r\n<p><a href=\"http://forum.unity3d.com/threads/108995-Tutorial-How-to-use-NShader-with-Unity-shaders\">http://forum.unity3d.com/threads/108995-Tutorial-How-to-use-NShader-with-Unity-shaders</a></p>",
    "PostedDate": "2012-09-19T10:32:00.993-07:00",
    "UserRole": null,
    "MarkedAsAnswerDate": null
  },
  {
    "Id": "915169",
    "ThreadId": "394745",
    "Html": "<p>1) Close your VS2012 (or VS2010)</p>\r\n<p>2) Edit the NShader.pkgdef located in YOUR_DRIVE:\\Program Files (x86)\\Microsoft Visual Studio 11.0\\Common7\\IDE\\Extensions\\a_cryptic_subfolder (search for it in extensions directory). 10.0 for VS2010 version.</p>\r\n<p>3) Add the following line to NShader.pkgdef (where other extensions are):</p>\r\n<p>\r\n<pre>[$RootKey$\\Languages\\File Extensions\\.shader]\r\n@=\"{4c554917-0eb7-3742-9f6b-f2f529fc6729}\"</pre>\r\n</p>\r\n<p>4) Then to be sure that everything is going to be highlighted correctly, open a registry and remove the following registry (be careful!):</p>\r\n<p>\r\n<pre>HKEY_CURRENT_USER\\Software\\Microsoft\\VisualStudio\\11.0\\FontAndColors\\Cache\r\n\r\nHKEY_CURRENT_USER\\Software\\Microsoft\\VisualStudio\\11.0_Config</pre>\r\n</p>\r\n<p>Launch VS and It should be ok.</p>\r\n<p>&nbsp;</p>",
    "PostedDate": "2012-09-20T06:43:26.277-07:00",
    "UserRole": null,
    "MarkedAsAnswerDate": null
  },
  {
    "Id": "915349",
    "ThreadId": "394745",
    "Html": "<p>Thank you alexandre this works like a charm :)</p>",
    "PostedDate": "2012-09-20T12:57:00.107-07:00",
    "UserRole": null,
    "MarkedAsAnswerDate": null
  },
  {
    "Id": "1206353",
    "ThreadId": "394745",
    "Html": "Hi guys. I got Nshader works with Visual Studio 2013 (this thread helps - <a href=\"https://nshader.codeplex.com/discussions/462583\" rel=\"nofollow\">https://nshader.codeplex.com/discussions/462583</a>), but instructions for VS 2012 doesn't helps enable highlighting in .shader, .cginc and .compute files. I complete all steps with Visual Studio 12.0 directories.\r<br />\n<br />\nPlease help me enable it) Thanks in advance.<br />\n",
    "PostedDate": "2014-02-10T06:48:36.653-08:00",
    "UserRole": null,
    "MarkedAsAnswerDate": null
  },
  {
    "Id": "1206687",
    "ThreadId": "394745",
    "Html": "I set 12.0 version in path before install, but it still doesn't works..<br />\n",
    "PostedDate": "2014-02-10T23:58:59.387-08:00",
    "UserRole": null,
    "MarkedAsAnswerDate": null
  },
  {
    "Id": "1224160",
    "ThreadId": "394745",
    "Html": "<strong>alexandre_mutel wrote:</strong><br />\n<blockquote>\n1) Close your VS2012 (or VS2010) 2) Edit the NShader.pkgdef located in YOUR_DRIVE:\\Program Files (x86)\\Microsoft Visual Studio 11.0\\Common7\\IDE\\Extensions\\a_cryptic_subfolder (search for it in extensions directory). 10.0 for VS2010 version. 3) Add the following line to NShader.pkgdef (where other extensions are):  [$RootKey$\\Languages\\File Extensions.shader] @=&quot;{4c554917-0eb7-3742-9f6b-f2f529fc6729}&quot;  4) Then to be sure that everything is going to be highlighted correctly, open a registry and remove the following registry (be careful!):  HKEY_CURRENT_USER\\Software\\Microsoft\\VisualStudio\\11.0\\FontAndColors\\Cache HKEY_CURRENT_USER\\Software\\Microsoft\\VisualStudio\\11.0_Config  Launch VS and It should be ok. &nbsp;<br />\n</blockquote>\nI tried this to add syntax highlighting for my own file extension and it works, but it gives me hlsl coloring.  I want glsl.  I know the glsl highlighting works, because glsl files are properly colored.<br />\n\r<br />\nIs there a way to get nshader to give me syntax highlighting for my file using the glsl syntax, instead of just defaulting to hlsl?<br />\n",
    "PostedDate": "2014-03-18T14:33:44.157-07:00",
    "UserRole": null,
    "MarkedAsAnswerDate": null
  },
  {
    "Id": "1224252",
    "ThreadId": "394745",
    "Html": "<strong>owensr wrote:</strong><br />\n<blockquote>\nIs there a way to get nshader to give me syntax highlighting for my file using the glsl syntax, instead of just defaulting to hlsl?<br />\n</blockquote>\nUnfortunately no. This is currently harcoded and cannot be modified without modifying the code (adding a field in NShaderSupportedExtensions GLSL_* )<br />\n",
    "PostedDate": "2014-03-18T21:28:58.507-07:00",
    "UserRole": null,
    "MarkedAsAnswerDate": null
  },
  {
    "Id": "1290038",
    "ThreadId": "394745",
    "Html": "This all worked fine for me until today when Microsoft did an update that I just got today, something like 'Visual Studio update for Unity.'   I'm working with compute shaders and since this update the syntax highlighting has stopped working.   I followed the steps here again just now, including adding the reg file that mickyd posted, but the highlighting is not working.   Anyone else having the same problem or know how to fix it?  I was afraid this would happen if I downloaded that update.   Grr...<br />\n",
    "PostedDate": "2014-08-14T07:08:48.1-07:00",
    "UserRole": null,
    "MarkedAsAnswerDate": null
  },
  {
    "Id": "1303967",
    "ThreadId": "394745",
    "Html": "<strong>jtw62074 wrote:</strong><br />\n<blockquote>\nThis all worked fine for me until today when Microsoft did an update that I just got today, something like 'Visual Studio update for Unity.'   I'm working with compute shaders and since this update the syntax highlighting has stopped working.   I followed the steps here again just now, including adding the reg file that mickyd posted, but the highlighting is not working.   Anyone else having the same problem or know how to fix it?  I was afraid this would happen if I downloaded that update.   Grr...<br />\n</blockquote>\nI have the same problem, no highlighting at all, but I'm not sure it's due to Visual Studio update for Unity: I've tried installing it, disabled Resharper for good mesure, re-reged everything: still no NShader.<br />\n",
    "PostedDate": "2014-09-12T02:25:10.883-07:00",
    "UserRole": null,
    "MarkedAsAnswerDate": null
  }
]