[
  {
    "Id": "286599",
    "ThreadId": "83356",
    "Html": "<p>How can I cutomize the colors ? they don't seem to match my text/color colors .</p>\r\n<p>great plugin btw</p>\r\n<p>&nbsp;</p>",
    "PostedDate": "2010-02-06T08:38:21.91-08:00",
    "UserRole": null,
    "MarkedAsAnswerDate": null
  },
  {
    "Id": "434141",
    "ThreadId": "83356",
    "Html": "<p>Sorry for this late answer, I missed your post.</p>\r\n<p>The bug has been corrected but is not yet checkin. I'll try to release something soon.</p>",
    "PostedDate": "2010-04-22T04:36:56.9-07:00",
    "UserRole": null,
    "MarkedAsAnswerDate": null
  },
  {
    "Id": "444015",
    "ThreadId": "83356",
    "Html": "<p>There was a bug in early version of NShader, &quot;Font And Colors&quot; options are working with a cache that was not correctly updated.</p>\r\n<p>To make sure that shader colors are configurable, you need to close Visual Studio 2008 and remove the following registry key (with child keys) :</p>\r\n<p>HKEY_CURRENT_USER\\Software\\Microsoft\\VisualStudio\\9.0\\FontAndColors\\Cache</p>\r\n<p>Restart Visual Studio 2008 and you should see &quot;Shader Language - Comment, Keyword, Identifier....etc.&quot; in &quot;Font and Colors&quot; options.</p>\r\n<p>(Unfortunately, customizing font is again broken in Visual Studio 2010... will have to look at that bug...)</p>\r\n<p>&nbsp;</p>\r\n<p>&nbsp;</p>",
    "PostedDate": "2010-05-17T15:32:59.337-07:00",
    "UserRole": null,
    "MarkedAsAnswerDate": null
  },
  {
    "Id": "500640",
    "ThreadId": "83356",
    "Html": "<p>I gather from alexandre's post that this doesn't work in VS2010, however I found that doing the same thing (except going to Microsoft/VisualStudio/10.0/FontAndColors) and deleting the Cache key works just fine.</p>",
    "PostedDate": "2010-09-30T11:18:49.387-07:00",
    "UserRole": null,
    "MarkedAsAnswerDate": null
  }
]