[
  {
    "Id": "578300",
    "ThreadId": "249146",
    "Html": "\r\n<p>Hi,</p>\r\n<p>i modified the nshader 1.2 source to work with OpenCL source files.</p>\r\n<p>I have to say this project is _horrible_ to work with. I had to modify the&nbsp;NShaderVS2010.csproj by hand to include the new files in the vsix file.&nbsp;Then it is currently impossible to uninstall this extension besides deleting the files by hand. This\r\n is another issue... there are two places where the extension is places (program files/.../Visual Studio... AND my profile).&nbsp;</p>\r\n<p>http://dl.dropbox.com/u/3138369/nshader12_opencl_modified.7z</p>\r\n",
    "PostedDate": "2011-03-10T02:17:32.013-08:00",
    "UserRole": null,
    "MarkedAsAnswerDate": null
  },
  {
    "Id": "578379",
    "ThreadId": "249146",
    "Html": "<blockquote style=\"border: solid .1em #ccc; font-style: italic; margin: .25em 1em 0 1em; padding: 0 .25em 0 .25em;\"><strong>chris_lux wrote:</strong><br />\r\n<p>Hi,</p>\r\n<p>i modified the nshader 1.2 source to work with OpenCL source files.</p>\r\n<p>I have to say this project is _horrible_ to work with. I had to modify the&nbsp;NShaderVS2010.csproj by hand to include the new files in the vsix file.&nbsp;Then it is currently impossible to uninstall this extension besides deleting the files by hand. This is another  issue... there are two places where the extension is places (program files/.../Visual Studio... AND my profile).&nbsp;</p>\r\n<p>http://dl.dropbox.com/u/3138369/nshader12_opencl_modified.7z</p>\r\n</blockquote>\r\n<p>Thanks for OpenCL patch, I'll integrate it asap.</p>\r\n<p>Concerning the vsix file to update by hand, I assume that you are talking about pkgdef file? This is a bug in VS2010 that doesn't generate and include this file in the final vsix. It's the only way I have found so far to make it working. I agree that It is not perfect, but as this project is a simple port of a VS2008 Language Service extension, It is not as well as integrated as a pure new VS2010 addin.</p>\r\n<p>Also, concerning the problem to uninstall the plugin, you have to run VS2010 in admin mode in order to remove the plugin. This was the only way for me to support install from domain profile user account. Unless you have another option?</p>\r\n<p>Latest version 1.2 should no longer be installed on the profile but only in Program Files/.../VisualStudio...etc. (that's why It is asking administrator privilege for installing AND desinstalling). I don't have any NShader files under profile, so you might have another issue on your machine.</p>\r\n<p>&nbsp;</p>",
    "PostedDate": "2011-03-10T05:12:41.713-08:00",
    "UserRole": null,
    "MarkedAsAnswerDate": null
  },
  {
    "Id": "578504",
    "ThreadId": "249146",
    "Html": "<p>I solved the problem in your NShader 1.1 source code in the&nbsp;NShader.pkgdef file by using the TEMP environment variable to resolve the path to the local profile. This works with domain profiles.</p>\r\n<p>\"CodeBase\"=\"%TEMP%\\\\..\\\\Microsoft\\\\VisualStudio\\\\10.0\\\\Extensions\\\\Alexandre&nbsp;Mutel\\\\NShader\\\\1.1\\\\NShader.dll\"</p>",
    "PostedDate": "2011-03-10T08:59:22.11-08:00",
    "UserRole": null,
    "MarkedAsAnswerDate": null
  },
  {
    "Id": "578591",
    "ThreadId": "249146",
    "Html": "<p>I remember, but TEMP directory is not really a viable and standard way of installing a VS extension (or whatever is referenced by a registry/install process)</p>",
    "PostedDate": "2011-03-10T11:35:30.33-08:00",
    "UserRole": null,
    "MarkedAsAnswerDate": null
  }
]