[
  {
    "Id": "242268",
    "ThreadId": "71044",
    "Html": "<p>Salut,</p>\r\n<p>Merci pour ce plug-in tr&egrave;s sympa et tr&egrave;s utile que j'ai d&eacute;couvert via le lien sur Gamedev. Par contre, juste pour te dire qu'il manque les derni&egrave;res fonctions de GLSL (introduites &agrave; partir de la version 1.30 je crois) comme la fonction g&eacute;n&eacute;rique texture (qui remplace les texture1D, texture2D, texture3D...).</p>\r\n<p>Bonne soir&eacute;e =)</p>\r\n<p>Micha&euml;l</p>\r\n<p>EFREI, Promo 2013</p>",
    "PostedDate": "2009-10-05T12:02:49.477-07:00",
    "UserRole": null,
    "MarkedAsAnswerDate": null
  },
  {
    "Id": "242676",
    "ThreadId": "71044",
    "Html": "<p>Merci pour l'info. J'ai ajout&eacute; les fonctions. J'attends encore quelques bugfix avant de faire une nouvelle release.</p>",
    "PostedDate": "2009-10-06T12:25:57.347-07:00",
    "UserRole": null,
    "MarkedAsAnswerDate": null
  },
  {
    "Id": "444020",
    "ThreadId": "71044",
    "Html": "<p>Should be part of NShader 1.1 as well but didn't test glsl for this release.</p>\r\n<p>&nbsp;</p>",
    "PostedDate": "2010-05-17T15:37:03.487-07:00",
    "UserRole": null,
    "MarkedAsAnswerDate": null
  }
]