[
  {
    "Id": "480250",
    "ThreadId": "223496",
    "Html": "<p>After installing a plugin i received error with &quot;unable to load&quot; message.</p>\r\n<p>Now i cant open anyproject.</p>",
    "PostedDate": "2010-08-13T08:44:53.54-07:00",
    "UserRole": null,
    "MarkedAsAnswerDate": null
  },
  {
    "Id": "480672",
    "ThreadId": "223496",
    "Html": "<p>Never had this problem before, It's working fine here under VS2010 PRo, so I suspect another issue on your VS2010 config.... Is NShader the only plugin installed on your VS2010? Currently, NShader is only loaded when a fx file is opened.</p>",
    "PostedDate": "2010-08-15T02:25:52.233-07:00",
    "UserRole": null,
    "MarkedAsAnswerDate": null
  },
  {
    "Id": "494847",
    "ThreadId": "223496",
    "Html": "<p>hi,</p>\r\n<p>i also get the unable to load message. the funny thing is it works with local profiles but when i log into a remote profile (domain) the plugin does not work.</p>\r\n<p>i tried it on a clean windows 7 x64 with visual studio 2010 utlimate using also a clean new profile. this is extremely frustrating. i looked up the source code to see how the plugin is loaded and i found no other plugin which does it this complicated. is there maybe another way to load the plugin or give more detailed error messages on whats going wrong?</p>\r\n<p>i really like this plugin and really need it. is spend the last day trying your precompiled version and what i could figure out on your source to build other versions, but none worked. all other plugins i tried work perfectly just yours does not.</p>\r\n<p>&nbsp;</p>\r\n<p>Regards<br>-chris</p>",
    "PostedDate": "2010-09-17T02:14:13.987-07:00",
    "UserRole": null,
    "MarkedAsAnswerDate": null
  },
  {
    "Id": "494887",
    "ThreadId": "223496",
    "Html": "<p>ok found the problem:</p>\r\n<p>%LOCALAPPDATA% &nbsp;is not defined on remote profiles!</p>\r\n<p>i exchanged it with %TEMP%\\\\..\\\\ &nbsp;in the pfgdef file. then everything works as expected.</p>\r\n<p>i made some changes to support glsl 4.1 core profile.</p>\r\n<p>&nbsp;</p>\r\n<p>Regards<br>-chris</p>",
    "PostedDate": "2010-09-17T04:29:42.317-07:00",
    "UserRole": null,
    "MarkedAsAnswerDate": null
  },
  {
    "Id": "494919",
    "ThreadId": "223496",
    "Html": "<p>Oh, thanks, this is indeed a bug, but I wouldn't have been able to reproduce it without a remote profile.</p>\r\n<p>I'lll check what can be done in next version</p>",
    "PostedDate": "2010-09-17T05:29:50.47-07:00",
    "UserRole": null,
    "MarkedAsAnswerDate": null
  }
]