[
  {
    "Id": "571832",
    "ThreadId": "247500",
    "Html": "\r\n<p>Is it possible to add a new file extension for HLSL files?</p>\r\n<p>I love this addin but at this point I am needing to use *.fx10 file extensions for my shaders.</p>\r\n<p>Hoping this is an easy option to add :)</p>\r\n<p>Cheers</p>\r\n",
    "PostedDate": "2011-02-24T15:13:38.783-08:00",
    "UserRole": null,
    "MarkedAsAnswerDate": null
  },
  {
    "Id": "571838",
    "ThreadId": "247500",
    "Html": "<p>You can add it yourself with a new registry key (9.0 for VS2008, 10.0 for VS2010)</p>\r\n<p>&nbsp;</p>\r\n<div><span style=\"font-family: Arial; font-size: x-small;\">Under 32bits : HKEY_LOCAL_MACHINE\\SOFTWARE\\Microsoft\\VisualStudio\\9.0\\Languages\\File Extensions</span></div>\r\n<div><span style=\"font-family: Arial; font-size: x-small;\">Under 64bits : HKEY_LOCAL_MACHINE\\SOFTWARE\\Wow6432Node\\Microsoft\\VisualStudio\\9.0\\Languages\\File Extensions</span></div>\r\n<div>&nbsp;</div>\r\n<div>Check for an existing .fx extension and copy the same entry (with subkeys) to your new extension.</div>",
    "PostedDate": "2011-02-24T15:21:05.323-08:00",
    "UserRole": null,
    "MarkedAsAnswerDate": null
  },
  {
    "Id": "571913",
    "ThreadId": "247500",
    "Html": "<p>Thank you for this.</p>\r\n<p>&nbsp;</p>\r\n<p>Worked like a charm.</p>",
    "PostedDate": "2011-02-24T20:29:47.463-08:00",
    "UserRole": null,
    "MarkedAsAnswerDate": null
  },
  {
    "Id": "573439",
    "ThreadId": "247500",
    "Html": "<p>I work with <a href=\"http://unity3d.com/support/documentation/Components/SL-Reference.html\">Unity3D shaders</a>. They have .shader extension.</p>\r\n<p>&gt;Check for an existing .fx extension and copy</p>\r\n<p>I have Visual Studio 2010 and Windows 7 x64. I checked <em>HKEY_LOCAL_MACHINE\\SOFTWARE\\Wow6432Node\\Microsoft\\VisualStudio\\10.0\\Languages\\File Extensions</em>&nbsp; but there's no .fx extension there, neither .cg or other shader extentions. However if I rename my .shader file into .cg, the plugin works.</p>",
    "PostedDate": "2011-02-28T11:59:44.697-08:00",
    "UserRole": null,
    "MarkedAsAnswerDate": null
  },
  {
    "Id": "573474",
    "ThreadId": "247500",
    "Html": "<p>Sorry, It was changed with VS2010. Go to <code>HKEY_LOCAL_MACHINE\\Software\\Microsoft\\VisualStudio\\10.0_Config\\Languages\\File Extensions</code></p>",
    "PostedDate": "2011-02-28T12:44:15.933-08:00",
    "UserRole": null,
    "MarkedAsAnswerDate": null
  },
  {
    "Id": "573894",
    "ThreadId": "247500",
    "Html": "<p>There's nothing there:</p>\n<p><a href=\"http://piccy.info/view3/1172569/80dbec7f8043e8a823d64a9b483eafc5/\" target=\"_blank\"><img src=\"http://i.piccy.info/i5/69/25/1172569/Captura_240.jpg\" border=\"0\" alt=\"Piccy.info - Free Image Hosting\" /></a></p>\n<p><strong>PS</strong><br />Found it in HKEY_CURRENT_USER\\Software\\Microsoft\\VisualStudio\\10.0_Config_4120\\Languages\\File Extensions<br />Don't know what 4120 means.</p>\n<p>&nbsp;</p>\n<p><strong>PPS</strong><br />Funny thing:<br />When I start Visual Studio, HKEY_CURRENT_USER\\Software\\Microsoft\\VisualStudio\\10.0_Config_NNNN appears, where NNNN is a random four-digit number. And I can't make any changes there in spite of the fact that I have all possible rights to do it.&nbsp;When I close VS, the key just disappears.</p>",
    "PostedDate": "2011-03-01T08:21:55.683-08:00",
    "UserRole": null,
    "MarkedAsAnswerDate": null
  },
  {
    "Id": "573921",
    "ThreadId": "247500",
    "Html": "<p>Weird, You gonna have to resolve this yourself, as I'm not able to reproduce this kind of registry layout!</p>\r\n<p>Could you look for the value {479b8c71-c9de-3669-869d-ae1d91602d7c} (it's the nshader package used inside file extensions) inside the whole registry and find where it is used in any Microsoft\\VisualStudio\\*\\Languages\\File Extensions\\.*</p>",
    "PostedDate": "2011-03-01T09:05:36.843-08:00",
    "UserRole": null,
    "MarkedAsAnswerDate": null
  },
  {
    "Id": "575574",
    "ThreadId": "247500",
    "Html": "<p>I checked the registry for {479b8c71-c9de-3669-869d-ae1d91602d7c} and among the file extensions I only found it in the keys for .cg, .cgfx, .fp, .frag, .geom, .psh, .vert, .vp and .vsh.</p>\r\n<p>The keys for .fx, .fxh, .glsl and .hlsl (and maybe some others I didn't check) contained {b2f072b0-abc1-11d0-9d62-00c04fd9dfd9} instead. When i tried to change it to {479b8c71-c9de-3669-869d-ae1d91602d7c} it reverted back to {b2f072b0-abc1-11d0-9d62-00c04fd9dfd9} once i had started Visual Studio 2010.</p>",
    "PostedDate": "2011-03-04T07:06:12.543-08:00",
    "UserRole": null,
    "MarkedAsAnswerDate": null
  },
  {
    "Id": "583326",
    "ThreadId": "247500",
    "Html": "<p>I forgot to respond to this issue, sorry.</p>\r\n<p>The key b2f072b0-abc1-11d0-9d62-00c04fd9dfd9 is the default key for VS2010 C++ files, so I don't know why your setup is overriding NShader default associations... As I'm unable to reproduce this, you have to diagnostic this yourself.</p>\r\n<p>Anyway, as I said, to uninstall NShader, you have to run VS2010 in administrator mode. Maybe try to reinstall it and check where registry keys are written...</p>",
    "PostedDate": "2011-03-20T10:07:18.5-07:00",
    "UserRole": null,
    "MarkedAsAnswerDate": null
  },
  {
    "Id": "596985",
    "ThreadId": "247500",
    "Html": "<p>I'm having the same issue.&nbsp; Manually editing the registry key gets reset when I load VS2010.</p>",
    "PostedDate": "2011-04-13T22:25:32.167-07:00",
    "UserRole": null,
    "MarkedAsAnswerDate": null
  },
  {
    "Id": "606124",
    "ThreadId": "247500",
    "Html": "<p>Same problem for me...</p>\n<p>&nbsp;</p>\n<p>but it seems that I found a workaround:</p>\n<p><span style=\"color: #ff0000;\">I only tested it for a Windows7 64 bit machine and VS 10.0!</span></p>\n<p>Go to : &nbsp; HKEY_LOCAL_MACHINE\\SOFTWARE\\Wow6432Node\\Microsoft\\VisualStudio\\9.0\\Languages\\File Extensions</p>\n<p>Ad a new key named \".shader\" and set its value to {479b8c71-c9de-3669-869d-ae1d91602d7c}.</p>\n<p>Afterwards your .shader files should be highlighted and this way it does not get reverted each time you start VS.</p>",
    "PostedDate": "2011-05-02T14:32:08.36-07:00",
    "UserRole": null,
    "MarkedAsAnswerDate": null
  },
  {
    "Id": "606130",
    "ThreadId": "247500",
    "Html": "<p>@NickDarnell and @MrRatherford: Could you verify that you don't have setup any editors for the particular extension you are trying to load? Go to Menu Tools/Options/Text Editor/File Extensions : You shouldn't have any shader extensions attached to an Editor. If you have an extension, you have to remote it.</p>",
    "PostedDate": "2011-05-02T14:39:23.307-07:00",
    "UserRole": null,
    "MarkedAsAnswerDate": null
  },
  {
    "Id": "607780",
    "ThreadId": "247500",
    "Html": "<p>Yea,</p>\r\n<p>I can confirm that the settings don't get reverted when using the following path for Win7 64bit, VS2010:</p>\r\n<p><strong>HKEY_LOCAL_MACHINE</strong>\\SOFTWARE\\Wow6432Node\\Microsoft\\VisualStudio\\<strong>10.0</strong>\\Languages\\File Extensions\\</p>\r\n<p>and adding a new subkey with the extension you want to highlight (e.g. \".shd\") with a default key value of {479b8c71-c9de-3669-869d-ae1d91602d7c} (this is the CLSID for NShader v1.2, other versions need other CLSIDs!!).</p>\r\n<p>MrRatherfords workaround seems strange, as his path obviously points to Visual Studio 9.0, aka VS 2008, though he said he tested it on 10.0. My solution (having the correct VS2010 = 10.0 reference in the path) was successfully tested on .shd files, as Humus uses them.</p>\r\n<p>The important thing to note here are</p>\r\n<ul>\r\n<li>HKEY_LOCAL_MACHINE instead of HKEY_CURRENT_USER as suggested earlier on; the newly created key under HKEY_CURRENT_USER was vanishing for me as well after each VS restart.</li>\r\n</ul>\r\n<p><img src=\"http://i54.tinypic.com/14so2sl.png\" alt=\"\" /></p>\r\n<p><img src=\"http://i52.tinypic.com/11abyc0.png\" alt=\"\" /></p>",
    "PostedDate": "2011-05-05T06:47:20.603-07:00",
    "UserRole": null,
    "MarkedAsAnswerDate": null
  },
  {
    "Id": "608049",
    "ThreadId": "247500",
    "Html": "<p>I didn't realize that in the meantime, I erroneously advised to switch from HKEY_LOCAL_MACHINE to HKEY_USER_MACHINE, but It must remain to HKEY_LOCAL_MACHINE of course, thanks for pointing that ChaosCom!</p>",
    "PostedDate": "2011-05-05T12:47:32.59-07:00",
    "UserRole": null,
    "MarkedAsAnswerDate": null
  },
  {
    "Id": "629257",
    "ThreadId": "247500",
    "Html": "<p>I have the same problem as above: I have a .fx entry in HKEY_LOCAL_MACHINE\\SOFTWARE\\Wow6432Node\\Microsoft\\VisualStudio\\10.0\\Languages\\File Extensions which is overwritten with the default Visual Studio 2010 ID at launch. I don't have anything in Menu Tools/Options/Text Editor/File Extensions, however I do have a cagetory under Text Editor called Shader Language. I don't see any way to override.&nbsp;I have the following additional software installed, which may be responsible:</p>\r\n<p>DirectX11 (June 2010) SDK</p>\r\n<p>NVIDIA CUDA Toolkit v3.2 and v4.0</p>\r\n<p>NVIDIA Parallel Nsight 2.0</p>",
    "PostedDate": "2011-06-17T07:37:56.333-07:00",
    "UserRole": null,
    "MarkedAsAnswerDate": null
  },
  {
    "Id": "629283",
    "ThreadId": "247500",
    "Html": "<p>I have the same problem at work, Nsight is overwriting shader extensions. Unfortunately, I don't have any solution right now to overcome this problem. Though I will try to have a look.</p>",
    "PostedDate": "2011-06-17T08:17:58.287-07:00",
    "UserRole": null,
    "MarkedAsAnswerDate": null
  },
  {
    "Id": "630952",
    "ThreadId": "247500",
    "Html": "<p>\"Bug\" of NSight overriding NShader configuration is fixed. You can try this by following instructions <a href=\"http://nshader.codeplex.com/wikipage?title=How%20to%20use%20NShader%20syntax%20highlighting%20with%20NSight&amp;referringTitle=Home\">here</a>.</p>",
    "PostedDate": "2011-06-22T00:44:04.927-07:00",
    "UserRole": null,
    "MarkedAsAnswerDate": null
  }
]