[
  {
    "Id": "454785",
    "ThreadId": "215820",
    "Html": "<p>NShader crashes as soon as I open a .fx file.&nbsp; I see the tab open as though the file was there, but then devenv.exe locks-up eternally, using 0% CPU time.</p>\r\n<p>Windows XP SP3<br>Intel Core 2 Duo 2.4Ghz<br>4GB RAM<br>Visual Studio 2008 Professional (I didn't try this though)<br>Visual Studio 2010 Ultimate<br>DirectX SDK June 2010<br>Blend SDK 1.0.1340.0<br>Shader Effects BuildTask (http://wpf.codeplex.com/releases/view/14962)</p>\r\n<p>The .fx files I was opening came from WPFSLBlendModeFx.codeplex.com.</p>\r\n<p>Has anyone else experienced this?&nbsp; How does one go about diagnosing a problem with an extension?</p>",
    "PostedDate": "2010-06-12T10:02:44.003-07:00",
    "UserRole": null,
    "MarkedAsAnswerDate": null
  },
  {
    "Id": "454789",
    "ThreadId": "215820",
    "Html": "<p>Weird, I tried to load all WPFSLBlendModeFx shaders from VS2008 Pro and&nbsp; VS2010 Pro, and It's working fine here.</p>\r\n<p>Though, I don't have Shader Effects BuildTask installed... could you try without the ShaderEffects build task installed?</p>",
    "PostedDate": "2010-06-12T10:19:01.757-07:00",
    "UserRole": null,
    "MarkedAsAnswerDate": null
  }
]