[
  {
    "Id": "556776",
    "ThreadId": "243654",
    "Html": "\r\n<p>Hi,</p>\r\n<p>First thanks for the good work!</p>\r\n<p>After some trial and error I got it working on the configuration specified in the headline. I saw from the previous discussions that some people seems to have similar problems, so I though I post here how got it running on my machine.&nbsp; Maybe there is\r\n a better way to do it but that's how I fixed my problems:</p>\r\n<p>After installing the precompiled version i tried to load a .frag file in VS and got an error message that the NShader package did not load correctly and it showed and empty tab for the source file and VS was freezing.</p>\r\n<p>So I downloaded the source and compiled it by myself for x86 (after installing the Visual Studio SDK) which gave the same problem.</p>\r\n<p>I followed the instructions and enabled the /log option and the ActivityLog.xml showed that the path where VS tried to locate NShader was wrong. I figured that the %localappdata% is not defined in WindowsXP (VS defines it but that doesn't seems to be set\r\n when the macro is expanded) which is used in NShader.pkgdef. So I tried to replace it through a path based on %homepath% which seemed to solve the issue to locate the right folder where NShader was installed but this time the path to the NSHader.DLL was wrong\r\n for some reason.</p>\r\n<p>So following the instructions here: http://msdn.microsoft.com/en-us/library/ff363239.aspx.</p>\r\n<p>I added the line</p>\r\n<pre>&lt;AllUsers&gt;true&lt;/AllUsers&gt;<br><br>to the source.extension.vsixmanifest file which will install NShader in a different directory available to all users on the system. I updated the new path in NShader.pkgdef like this:<br>&quot;CodeBase&quot;=&quot;%programfiles(x86)%\\\\Microsoft Visual Studio 10.0\\\\Common7\\\\IDE\\\\Extensions\\\\Alexandre Mutel\\\\NShader\\\\1.1\\\\NShader.dll&quot;<br>and it finally worked.<br><br>Hope this helps somebody.<br><br>Thanks again Alexandre.<br><br><br></pre>\r\n",
    "PostedDate": "2011-01-28T02:47:43.28-08:00",
    "UserRole": null,
    "MarkedAsAnswerDate": null
  },
  {
    "Id": "556823",
    "ThreadId": "243654",
    "Html": "\r\n<p>Cool, thanks for debugging this. I was looking for a location but didn't think about the programfiles one. I will integrate this in the next small release.</p>\r\n",
    "PostedDate": "2011-01-28T05:08:56.547-08:00",
    "UserRole": null,
    "MarkedAsAnswerDate": null
  },
  {
    "Id": "557302",
    "ThreadId": "243654",
    "Html": "\r\n<p>It should be fixed in 1.2</p>\r\n",
    "PostedDate": "2011-01-29T06:45:29.453-08:00",
    "UserRole": null,
    "MarkedAsAnswerDate": null
  }
]