[
  {
    "Id": "1108754",
    "ThreadId": "462583",
    "Html": "Hi,\r<br />\ncould you please adapt the project to support Visual Studio 2013?\r<br />\n<br />\nI already tried, the plugin builds and installs Ok (with the VS2013 SDK) but fails to work in Visual Studio 2013.\r<br />\n<br />\nThanks<br />\n",
    "PostedDate": "2013-10-17T06:17:04.607-07:00",
    "UserRole": null,
    "MarkedAsAnswerDate": null
  },
  {
    "Id": "1123361",
    "ThreadId": "462583",
    "Html": "What sort of errors did you get when attempting to use it with VS2013?\r<br />\n<br />\nI would also like this plugin to support VS2013.<br />\n",
    "PostedDate": "2013-11-14T02:08:42.097-08:00",
    "UserRole": null,
    "MarkedAsAnswerDate": null
  },
  {
    "Id": "1124203",
    "ThreadId": "462583",
    "Html": "I used the source code to create a package for vs2013.<br />\nand succeeded.<br />\nSource code i altered where some of references, ill see if i can upload the code somehow. (not done much on CodePlex yet.<br />\n<a href=\"http://www.jostavo.net/NShader.rar\" rel=\"nofollow\">Link to the vsix</a><br />\n<br />\nNot if it doesnt work right away delete this key HKEY_CURRENT_USER\\Software\\Microsoft\\VisualStudio\\12.0\\FontAndColors\\Cache.<br />\nand restart vs2013<br />\n",
    "PostedDate": "2013-11-15T13:12:13.003-08:00",
    "UserRole": null,
    "MarkedAsAnswerDate": null
  },
  {
    "Id": "1124261",
    "ThreadId": "462583",
    "Html": "I will update NShader soon for VS2013 support.<br />\n",
    "PostedDate": "2013-11-15T15:54:11.637-08:00",
    "UserRole": null,
    "MarkedAsAnswerDate": null
  },
  {
    "Id": "1124685",
    "ThreadId": "462583",
    "Html": "<strong>silentsouls wrote:</strong><br />\n<blockquote>\nI used the source code to create a package for vs2013.<br />\nand succeeded.<br />\nSource code i altered where some of references, ill see if i can upload the code somehow. (not done much on CodePlex yet.<br />\n<a href=\"http://www.jostavo.net/NShader.rar\" rel=\"nofollow\">Link to the vsix</a><br />\n<br />\nNot if it doesnt work right away delete this key HKEY_CURRENT_USER\\Software\\Microsoft\\VisualStudio\\12.0\\FontAndColors\\Cache.<br />\nand restart vs2013<br />\n</blockquote>\nCool that worked fine for me, any idea how to change the highlighting to make it look better for the dark theme?\r<br />\n<br />\n<img src=\"http://i.imgur.com/lGks2ku.png\" alt=\"Image\" /><br />\n",
    "PostedDate": "2013-11-16T13:25:57.617-08:00",
    "UserRole": null,
    "MarkedAsAnswerDate": null
  },
  {
    "Id": "1124886",
    "ThreadId": "462583",
    "Html": "I Made a few changes to how the colors are used now it uses the system colors, (download same link as above)<br />\n",
    "PostedDate": "2013-11-16T16:12:03.393-08:00",
    "UserRole": null,
    "MarkedAsAnswerDate": null
  },
  {
    "Id": "1207617",
    "ThreadId": "462583",
    "Html": "When is soon? \r<br />\n<br />\nThe lack of 2013 support is the reason I'm not using 2013, but that's not going to fly for much longer :(.<br />\n",
    "PostedDate": "2014-02-12T17:18:07.74-08:00",
    "UserRole": null,
    "MarkedAsAnswerDate": null
  },
  {
    "Id": "1236396",
    "ThreadId": "462583",
    "Html": "Trying to get NShader to work in VS 2013 - still no luck even after deleting this key:\r<br />\n HKEY_CURRENT_USER\\Software\\Microsoft\\VisualStudio\\ 12.0\\FontAndColors\\Cache.\r<br />\n<br />\nAfter restarting VS 2013, still no color coding - Any suggestions would be appreciated.\r<br />\n Do I need to delete this key?\r<br />\n HKEY_CURRENT_USER\\Software\\Microsoft\\VisualStudio\\ 12.0_Config \r<br />\n (To scared to try it out - as i didn't see anything about doing this regarding installing NShader in VS 2013. - Please note this is the 12.0_Config NOT the 11.0_Config).<br />\n",
    "PostedDate": "2014-04-21T22:25:59.277-07:00",
    "UserRole": null,
    "MarkedAsAnswerDate": null
  },
  {
    "Id": "1263938",
    "ThreadId": "462583",
    "Html": "Right, how soon is soon? :)\r<br />\n<br />\nI would highly appreciate an official 2013 release... The package posted by silentsouls doesn't work for me: when I try to install, I'm getting the message &quot;Wrong username or password&quot; -&gt; weird. The registry key stated above doesn't exist here, so this approach doesn't help. MSVS 12.0 Update 2. \r<br />\n<br />\nHere's the install log:<br />\n<pre><code>09.07.2014 13:19:03 - Microsoft VSIX Installer\n09.07.2014 13:19:03 - -------------------------------------------\n09.07.2014 13:19:03 - Initializing Install...\n09.07.2014 13:19:03 - Extension Details...\n09.07.2014 13:19:03 -   Identifier      : NShader.51a01e9d-eb56-4ee2-a9fd-8212bf6bf2b1\n09.07.2014 13:19:03 -   Name            : NShader\n09.07.2014 13:19:03 -   Author          : Alexandre Mutel\n09.07.2014 13:19:03 -   Version         : 1.3.1\n09.07.2014 13:19:03 -   Description     : NShader is an extension to Visual Studio 2008/2010/2012/2013 that provides syntax highlighting for various shader languages including HLSL - GLSL - CG\n09.07.2014 13:19:03 -   Locale          : en-US\n09.07.2014 13:19:03 -   MoreInfoURL     : http://nshader.codeplex.com/\n09.07.2014 13:19:03 -   InstalledByMSI  : False\n09.07.2014 13:19:03 -   SupportedFrameworkVersionRange : [4.0,4.5.1]\n09.07.2014 13:19:03 - \n09.07.2014 13:19:03 -   Supported Products : \n09.07.2014 13:19:03 -       Microsoft.VisualStudio.Ultimate\n09.07.2014 13:19:03 -           Version : [10.0]\n09.07.2014 13:19:03 -       Microsoft.VisualStudio.Ultimate\n09.07.2014 13:19:03 -           Version : [11.0]\n09.07.2014 13:19:03 -       Microsoft.VisualStudio.Ultimate\n09.07.2014 13:19:03 -           Version : [12.0]\n09.07.2014 13:19:03 -       Microsoft.VisualStudio.Premium\n09.07.2014 13:19:03 -           Version : [10.0]\n09.07.2014 13:19:03 -       Microsoft.VisualStudio.Premium\n09.07.2014 13:19:03 -           Version : [11.0]\n09.07.2014 13:19:03 -       Microsoft.VisualStudio.Premium\n09.07.2014 13:19:03 -           Version : [12.0]\n09.07.2014 13:19:03 -       Microsoft.VisualStudio.Pro\n09.07.2014 13:19:03 -           Version : [10.0]\n09.07.2014 13:19:03 -       Microsoft.VisualStudio.Pro\n09.07.2014 13:19:03 -           Version : [11.0]\n09.07.2014 13:19:03 -       Microsoft.VisualStudio.Pro\n09.07.2014 13:19:03 -           Version : [12.0]\n09.07.2014 13:19:03 - \n09.07.2014 13:19:03 -   References      : \n09.07.2014 13:19:03 - \n09.07.2014 13:19:03 - Searching for applicable products...\n09.07.2014 13:19:03 - Found installed product - Microsoft Visual Studio 2010 Professional\n09.07.2014 13:19:03 - System.Runtime.InteropServices.COMException (0x8007052E): Der Benutzername oder das Kennwort ist falsch. (Ausnahme von HRESULT: 0x8007052E)\n   bei System.Runtime.InteropServices.Marshal.ThrowExceptionForHRInternal(Int32 errorCode, IntPtr errorInfo)\n   bei System.Runtime.InteropServices.Marshal.ThrowExceptionForHR(Int32 errorCode)\n   bei Microsoft.VisualStudio.Settings.ExternalSettingsManager.GetScopePaths(String applicationPath, String suffixOrName, String vsVersion, Boolean isLogged, Boolean isForIsolatedApplication)\n   bei Microsoft.VisualStudio.Settings.ExternalSettingsManager.CreateForApplication(String applicationPath)\n   bei VSIXInstaller.App.GetExtensionManager(SupportedVSSKU sku)\n   bei VSIXInstaller.App.GetExtensionManagerForApplicableSKU(SupportedVSSKU supportedSKU, IInstallableExtension installableExtension, List`1 applicableSKUs)\n   bei VSIXInstaller.App.InitializeInstall()\n   bei System.Threading.Tasks.Task.InnerInvoke()\n   bei System.Threading.Tasks.Task.Execute()</code></pre>\n\nApparently, it tries to install for MSVS 10, which I've also got on my system. Any ideas what I can do about this? Thanks!<br />\n",
    "PostedDate": "2014-07-09T04:30:16.907-07:00",
    "UserRole": null,
    "MarkedAsAnswerDate": null
  },
  {
    "Id": "1340213",
    "ThreadId": "462583",
    "Html": "I made a custom build for VS2013, you can give it a try: <a href=\"https://drive.google.com/file/d/0Bxy36xOeQZOcTnNOczRORjkwRzA/view?usp=sharing\" rel=\"nofollow\">https://drive.google.com/file/d/0Bxy36xOeQZOcTnNOczRORjkwRzA/view?usp=sharing</a><br />\n<br />\nI also added Unity file support. For HLSL, GLSL and Unity you can also copy the supplied *.map files to the %APPDATA% folder to add/remove keywords (Read the readme.txt)<br />\n",
    "PostedDate": "2015-01-08T15:49:31.91-08:00",
    "UserRole": null,
    "MarkedAsAnswerDate": null
  },
  {
    "Id": "1346862",
    "ThreadId": "462583",
    "Html": "IssamK, please fork this repo!\r<br />\n<br />\nWe've been waiting since Nov 15, 2013 for VS2013 support.<br />\n",
    "PostedDate": "2015-01-28T10:57:39.113-08:00",
    "UserRole": null,
    "MarkedAsAnswerDate": null
  },
  {
    "Id": "1354242",
    "ThreadId": "462583",
    "Html": "Hi,\r<br />\nyes please fork the repo or at least put your sources on github somewhere. This would help to add other features and make the extension fit for VS 2015.\r<br />\n<br />\nThank you so much for the help!<br />\n",
    "PostedDate": "2015-02-20T00:27:51.867-08:00",
    "UserRole": null,
    "MarkedAsAnswerDate": null
  },
  {
    "Id": "1355288",
    "ThreadId": "462583",
    "Html": "Hi! Sorry I did not look at the forums until chris_lux emailed me. \r<br />\nI did a fork at: <a href=\"http://nshader.codeplex.com/SourceControl/network/forks/IssamK/VS2013andUnityShaders\" rel=\"nofollow\">http://nshader.codeplex.com/SourceControl/network/forks/IssamK/VS2013andUnityShaders</a>\r<br />\nI am not too familiar with codeplex, I think I made the fork public? <br />\n",
    "PostedDate": "2015-02-24T09:00:24.07-08:00",
    "UserRole": null,
    "MarkedAsAnswerDate": null
  }
]