[
  {
    "Id": "433034",
    "ThreadId": "209858",
    "Html": "<p>Hi!</p>\r\n<p>Are you going to extend your addin so that it work in Visual Studio 2010?</p>\r\n<p>Mikhail.</p>",
    "PostedDate": "2010-04-19T23:24:29.143-07:00",
    "UserRole": null,
    "MarkedAsAnswerDate": null
  },
  {
    "Id": "434142",
    "ThreadId": "209858",
    "Html": "<p>Until today, I didn't have any VS2010, so I might be able to port the plugin under VS2010.</p>\r\n<p>&nbsp;</p>",
    "PostedDate": "2010-04-22T04:37:53.027-07:00",
    "UserRole": null,
    "MarkedAsAnswerDate": null
  },
  {
    "Id": "444011",
    "ThreadId": "209858",
    "Html": "<p>NShader 1.1 is running under Visual Studio 2010</p>\r\n<p>&nbsp;</p>",
    "PostedDate": "2010-05-17T15:23:05.57-07:00",
    "UserRole": null,
    "MarkedAsAnswerDate": null
  },
  {
    "Id": "446378",
    "ThreadId": "209858",
    "Html": "<p>Thank you.</p>",
    "PostedDate": "2010-05-23T07:04:28.91-07:00",
    "UserRole": null,
    "MarkedAsAnswerDate": null
  },
  {
    "Id": "449831",
    "ThreadId": "209858",
    "Html": "<p>Hi,</p>\r\n<p>thanks for the great work.... Could you elaborate which colors in the fonts&amp;colors dialog are used for which primitive in the shader code?</p>\r\n<p>&nbsp;</p>\r\n<p>Could you add .glslf, .glslv, .glslg, .glsle and .glslc to the file extensions?</p>\r\n<p>Also could you include the OpenGL 4.0 keywords i attached to the post?</p>\r\n<p>Edit: I tried to load the source project into Visual Studio 2010 but got an error that the NShaderVS2010.csproj is no valid project. How can i compile the plugin from source? The error says that the project type is not supported by the installation.</p>\r\n<p>&nbsp;</p>\r\n<p>Big Thanks and regards</p>\r\n<p>-chris</p>\r\n<p>&nbsp;</p>\r\n<p>&nbsp;</p>\r\n<pre>#define\r\n#undef\r\n#if\r\n#ifdef\r\n#ifndef\r\n#else\r\n#elif\r\n#endif\r\n#error\r\n#pragma\r\n#extension\r\n#version\r\n#line\r\n\r\nattribute\r\nconst\r\nuniform\r\nvarying\r\nlayout\r\ncentroid\r\nflat\r\nsmooth\r\nnoperspective\r\npatch\r\nsample\r\nbreak\r\ncontinue\r\ndo\r\nfor\r\nforeach\r\nwhile\r\nswitch\r\ncase\r\ndefault\r\nif\r\nelse\r\nsubroutine\r\nin\r\nout\r\ninout\r\nfloat\r\ndouble\r\nint\r\nvoid\r\nbool\r\ntrue\r\nfalse\r\ninvariant\r\ndiscard\r\nreturn\r\nmat2\r\nmat3\r\nmat4\r\ndmat2\r\ndmat3\r\ndmat4\r\nmat2x2\r\nmat2x3\r\nmat2x4\r\ndmat2x2\r\ndmat2x3\r\ndmat2x4\r\nmat3x2\r\nmat3x3\r\nmat3x4\r\ndmat3x2\r\ndmat3x3\r\ndmat3x4\r\nmat4x2\r\nmat4x3\r\nmat4x4\r\ndmat4x2\r\ndmat4x3\r\ndmat4x4\r\nvec2\r\nvec3\r\nvec4\r\nivec2\r\nivec3\r\nivec4\r\nbvec2\r\nbvec3\r\nbvec4\r\ndvec2\r\ndvec3\r\ndvec4\r\nuint\r\nuvec2\r\nuvec3\r\nuvec4\r\nlowp\r\nmediump\r\nhighp\r\nprecision\r\nsampler1D\r\nsampler2D\r\nsampler3D\r\nsamplerCube\r\nsampler1DShadow\r\nsampler2DShadow\r\nsamplerCubeShadow\r\nsampler1DArray\r\nsampler2DArray\r\nsampler1DArrayShadow\r\nsampler2DArrayShadow\r\nisampler1D\r\nisampler2D\r\nisampler3D\r\nisamplerCube\r\nisampler1DArray\r\nisampler2DArray\r\nusampler1D\r\nusampler2D\r\nusampler3D\r\nusamplerCube\r\nusampler1DArray\r\nusampler2DArray\r\nsampler2DRect\r\nsampler2DRectShadow\r\nisampler2DRect\r\nusampler2DRect\r\nsamplerBuffer\r\nisamplerBuffer\r\nusamplerBuffer\r\nsampler2DMS\r\nisampler2DMS\r\nusampler2DMS\r\nsampler2DMSArray\r\nisampler2DMSArray\r\nusampler2DMSArray\r\nsamplerCubeArray\r\nsamplerCubeArrayShadow\r\nisamplerCubeArray\r\nusamplerCubeArray\r\nstruct\r\n\r\ncommon\r\npartition\r\nactive\r\nasm\r\nclass\r\nunion\r\nenum\r\ntypedef\r\ntemplate\r\nthis\r\npacked\r\ngoto\r\ninline\r\nnoinline\r\nvolatile\r\npublic\r\nstatic\r\nextern\r\nexternal\r\ninterface\r\nlong\r\nshort\r\nhalf\r\nfixed\r\nunsigned\r\nsuperp\r\ninput\r\noutput\r\nhvec2\r\nhvec3\r\nhvec4\r\nfvec2\r\nfvec3\r\nfvec4\r\nsampler3DRect\r\nfilter\r\nsizeof\r\ncast\r\nnamespace\r\nusing\r\nrow_major\r\n\r\n\r\n\r\n</pre>\r\n<p>&nbsp;</p>",
    "PostedDate": "2010-05-31T23:35:27.287-07:00",
    "UserRole": null,
    "MarkedAsAnswerDate": null
  },
  {
    "Id": "450527",
    "ThreadId": "209858",
    "Html": "<blockquote style=\"border:solid .1em #ccc;font-style:italic;margin:.25em 1em 0 1em;padding:0 .25em 0 .25em\"><strong>chris_lux wrote:</strong><br>\r\n<p>Hi,</p>\r\n<p>thanks for the great work.... Could you elaborate which colors in the fonts&amp;colors dialog are used for which primitive in the shader code?</p>\r\n<p>Could you add .glslf, .glslv, .glslg, .glsle and .glslc to the file extensions?</p>\r\n<p>Also could you include the OpenGL 4.0 keywords i attached to the post?</p>\r\n<p>Edit: I tried to load the source project into Visual Studio 2010 but got an error that the NShaderVS2010.csproj is no valid project. How can i compile the plugin from source? The error says that the project type is not supported by the installation.</p>\r\n</blockquote>\r\n<p>1) For Font&amp;Colors there is a bug in the 2010 version. NShader colors are not displayed in the dialog. I'll try to see if It can be fixed.</p>\r\n<p>2) For new extensions, I will integrate a custom window in order to do it directly from VS.</p>\r\n<p>3) Yep, thanks for GL4.0 keywords, It will be integrated as well.</p>\r\n<p>And in order to open the NShaderVS2010 project, have you already installed the <a href=\"http://www.microsoft.com/downloads/details.aspx?familyid=47305CF4-2BEA-43C0-91CD-1B853602DCC5&displaylang=en\">Visual Studio SDK 2010</a>?</p>",
    "PostedDate": "2010-06-02T04:42:49.823-07:00",
    "UserRole": null,
    "MarkedAsAnswerDate": null
  },
  {
    "Id": "451135",
    "ThreadId": "209858",
    "Html": "Hi Alexandre,\r\ni got around the bug with the color selection by deleting the fonts&colors cache in the registry.\r\n\r\n\r\nFor the new extensions maybe it is possible to extend the dialog (Options-&gt;Text Editor-&gt;File Extension) with the shader language type, so users could add the wanted extensions in this dialog like other extensions to other languages.\r\n\r\n\r\n\r\nThanks and regards\r\n-chris",
    "PostedDate": "2010-06-03T04:34:54.337-07:00",
    "UserRole": null,
    "MarkedAsAnswerDate": null
  },
  {
    "Id": "476738",
    "ThreadId": "209858",
    "Html": "<p>Hi,</p>\r\n<p>I just wanted to ask if you got around to implement the custom file extension feature?</p>\r\n<p>&nbsp;</p>\r\n<p>Regards</p>\r\n<p>-chris</p>",
    "PostedDate": "2010-08-05T00:45:01.917-07:00",
    "UserRole": null,
    "MarkedAsAnswerDate": null
  },
  {
    "Id": "478995",
    "ThreadId": "209858",
    "Html": "Anyway, I do plan to work on file extension feature but in a new highlighter plugin that will provide more flexibility to add new file extensions, new keywords, and manage several languages. Basically, I'm also maintaining AsmHighligter, another syntax highlighting system for asm x86 language, that is logically sharing 95% of code with NShader, and It's a pain to maintain both plugins, as they require almost the same capabilities...\r\n\r\nStay tuned. I'm going to see if this can be done in the next days.",
    "PostedDate": "2010-08-11T02:17:07.757-07:00",
    "UserRole": null,
    "MarkedAsAnswerDate": null
  },
  {
    "Id": "481256",
    "ThreadId": "209858",
    "Html": "sound exciting. will it be released on this site or somewhere else. i just want to be sure not to miss it.\r\n\r\nregards\r\n-chris",
    "PostedDate": "2010-08-17T01:02:28.28-07:00",
    "UserRole": null,
    "MarkedAsAnswerDate": null
  },
  {
    "Id": "481301",
    "ThreadId": "209858",
    "Html": "<p>The new highlighter will be released on a new project under codeplex. Migration will just be a matter of desinstalling NShader and install the new plugin. NShader home page will advise newcomers to go to the new plugin.</p>",
    "PostedDate": "2010-08-17T03:01:18.467-07:00",
    "UserRole": null,
    "MarkedAsAnswerDate": null
  }
]