[
  {
    "Id": "1082271",
    "ThreadId": "453844",
    "Html": "It did not work after installing the extension.\r<br />\nDeleting HKEY_CURRENT_USER\\Software\\Microsoft\\VisualStudio\\11.0\\FontAndColors\\Cache as mentioned worked just fine for me. Though you do get some error messages next time you start up VS2012.\r<br />\n<br />\nThen you need to adjust the colours for your current theme.\r<br />\nMaybe the extension should be made to use existing colour entries to integrate nicely with the themes? I guess you could just use all the entries from the C++ or common stuff like 'Keyword'.<br />\n",
    "PostedDate": "2013-08-19T10:06:44.367-07:00",
    "UserRole": null,
    "MarkedAsAnswerDate": null
  }
]