[
  {
    "Id": "257204",
    "ThreadId": "75165",
    "Html": "<p>are there any plans for supporting .geom (like frag and vert) extension? Actually there is a FileExtension tab under TextEditor group of VS options. Is there any chance to add user specific extensions under this FileExtension tab by selecting editor of NShader choice?</p>",
    "PostedDate": "2009-11-15T02:45:57.447-08:00",
    "UserRole": null,
    "MarkedAsAnswerDate": null
  },
  {
    "Id": "258042",
    "ThreadId": "75165",
    "Html": "<p>I'll add the .geom extension as well. I have some pending fix to include and will release hopefully a new version before the end of the year.</p>\r\n<p>Concerning allowing a user to add specific extension, i was thinking about this. It's possible but it asks more work as the VS SDK framework doesn't provide such a feature (extensions are statically declared in attributes of the package class). It may be included in the next version, otherwise later.</p>\r\n<p>Thanks!</p>\r\n<p>&nbsp;</p>",
    "PostedDate": "2009-11-17T12:56:22.573-08:00",
    "UserRole": null,
    "MarkedAsAnswerDate": null
  },
  {
    "Id": "444018",
    "ThreadId": "75165",
    "Html": "<p>.geom extension is added to NShader 1.1.</p>\r\n<p>Although, didn't have enough time to make a configurable option window. Next release maybe...</p>\r\n<p>&nbsp;</p>",
    "PostedDate": "2010-05-17T15:35:31.493-07:00",
    "UserRole": null,
    "MarkedAsAnswerDate": null
  },
  {
    "Id": "518777",
    "ThreadId": "75165",
    "Html": "\r\n<p>Maybe add simple configuration file? I need .shader to highlight CG syntax. (Unity Shader Lab Lang).</p>\r\n",
    "PostedDate": "2010-11-08T06:59:18.807-08:00",
    "UserRole": null,
    "MarkedAsAnswerDate": null
  },
  {
    "Id": "526835",
    "ThreadId": "75165",
    "Html": "\r\n<p>I did the configuration file on a test dev branch, but didn't have time to merge it into NShader.&nbsp; Unfortunately, I have a very limited time dedicated to this project right now, but I'll try to see what I can do.</p>\r\n",
    "PostedDate": "2010-11-25T01:50:29.073-08:00",
    "UserRole": null,
    "MarkedAsAnswerDate": null
  },
  {
    "Id": "533353",
    "ThreadId": "75165",
    "Html": "\r\n<p>Hi, I would really like to be able to get hlsl/cg syntax hightlighting for .fxh (.fx headers) too. Good job anyway!</p>\r\n",
    "PostedDate": "2010-12-09T04:47:40.68-08:00",
    "UserRole": null,
    "MarkedAsAnswerDate": null
  },
  {
    "Id": "557303",
    "ThreadId": "75165",
    "Html": "\r\n<p>Both geom and fxh extensions are in 1.2</p>\r\n",
    "PostedDate": "2011-01-29T06:46:18.717-08:00",
    "UserRole": null,
    "MarkedAsAnswerDate": null
  },
  {
    "Id": "679793",
    "ThreadId": "75165",
    "Html": "<p>Hi there,</p>\r\n<p>We use different extensions in our pipeline (i.e. .vcg and .fcg) if FileExtensions can't be used what about a simple profile file (.INI or .XML or whaterever) where users could stick there own extensions ?</p>\r\n<p>Thanks</p>\r\n<p>Patrick</p>",
    "PostedDate": "2011-10-04T06:53:44.313-07:00",
    "UserRole": null,
    "MarkedAsAnswerDate": null
  },
  {
    "Id": "680132",
    "ThreadId": "75165",
    "Html": "<p>I will try to see if I can add something quickly.</p>",
    "PostedDate": "2011-10-04T23:03:50.66-07:00",
    "UserRole": null,
    "MarkedAsAnswerDate": null
  },
  {
    "Id": "680239",
    "ThreadId": "75165",
    "Html": "<p>Hi Alexandre,</p>\r\n<p>Thanks for your quick answer, if adding a profile file is too much effort for you, if you could stick .vcg and .fcg as cg extensions that would be brilliant.</p>\r\n<p>Best regards,</p>\r\n<p>Patrick</p>",
    "PostedDate": "2011-10-05T04:54:06.527-07:00",
    "UserRole": null,
    "MarkedAsAnswerDate": null
  },
  {
    "Id": "680525",
    "ThreadId": "75165",
    "Html": "<p>PatrickB, did you try the procedure describe <a href=\"http://nshader.codeplex.com/discussions/247500\">here </a>to add your own extension manually into the registry?</p>",
    "PostedDate": "2011-10-05T14:54:55.54-07:00",
    "UserRole": null,
    "MarkedAsAnswerDate": null
  },
  {
    "Id": "682653",
    "ThreadId": "75165",
    "Html": "<p>Just tried it works great</p>\r\n<p>Thanks</p>",
    "PostedDate": "2011-10-11T09:04:38.72-07:00",
    "UserRole": null,
    "MarkedAsAnswerDate": null
  }
]