[
  {
    "Id": "900214",
    "ThreadId": "391949",
    "Html": "\r\n<p>I looked for the registry item&nbsp;</p>\r\n<p><span>HKEY_CURRENT_USER\\Software\\Microsoft\\VisualStudio\\11.0\\FontAndColors\\Cache</span></p>\r\n<p><span>but it doesn't exist</span></p>\r\n<p>and I deleted&nbsp;<span>all lines using &quot;fx&quot; or &quot;hlsl&quot; in file&nbsp;</span><span class=\"codeInline\">C:\\Program Files (x86)\\Microsoft Visual Studio 11.0\\Common7\\IDE\\CommonExtensions\\Microsoft\\VC\\VC_Pkg_Core_Registration.pkgdef</span></p>\r\n<p>but its still not highlighting anything.</p>\r\n",
    "PostedDate": "2012-08-16T16:59:32.453-07:00",
    "UserRole": null,
    "MarkedAsAnswerDate": null
  },
  {
    "Id": "1085542",
    "ThreadId": "391949",
    "Html": "Hi, Go to research in Start and type &quot;regedit&quot;, and you can find HKEY_CURRENT_USER\\Software\\Microsoft\\VisualStudio\\11.0\\FontAndColors\\Cache. <br />\n<br />\nGood Luck!<br />\n",
    "PostedDate": "2013-08-27T13:45:25.657-07:00",
    "UserRole": null,
    "MarkedAsAnswerDate": null
  }
]