[
  {
    "Id": "275340",
    "ThreadId": "80334",
    "Html": "<p>Bonjour,</p>\r\n<p>Je suis pass&eacute; d'Intellishade 3.1 &agrave; NShader, et je suis un peu d&eacute;&ccedil;u.</p>\r\n<p>Il manque &agrave; mon avis une grosse fonctionnalit&eacute; qui est la possibilit&eacute; de faire du expand/collapse de code sur les structures, fonctions <br>et namespaces. Serait-il possible d'impl&eacute;menter cette fonctionnalit&eacute;?</p>\r\n<p>J'utilise VS2008/HLSL SM5.0 : il semble qu'il manque aussi toutes les s&eacute;mantiques d'attributs des GS/HS/DS/PS.<br>Exemple:<br><span style=\"font-size:x-small\">[domain(&quot;quad&quot;)]<br>[partitioning(&quot;integer&quot;)]<br>[outputtopology(&quot;triangle_cw&quot;)]<br>[outputcontrolpoints(4)]<br>[patchconstantfunc(&quot;HSCubeCst&quot;)]<br>HSCubeDataPt HSCube(InputPatch&lt;VSout,</span><span style=\"color:#000080;font-size:x-small\"><span style=\"color:#000080;font-size:x-small\">4</span></span><span style=\"font-size:x-small\">)</span><span style=\"font-size:x-small\">&gt; </span><span style=\"color:#0000ff;font-size:x-small\"><span style=\"color:#0000ff;font-size:x-small\">In</span></span><span style=\"font-size:x-small\">, uint PtId </span><span style=\"color:#008080;font-size:x-small\"><span style=\"color:#008080;font-size:x-small\">: SV_OutputControlPointID</span></span><span style=\"font-size:x-small\">, uint PatchID </span><span style=\"color:#008080;font-size:x-small\"><span style=\"color:#008080;font-size:x-small\">: SV_PrimitiveID</span></span><span style=\"font-size:x-small\"> ) { ... }</span></p>\r\n<p>Merci.</p>\r\n<p>&nbsp;</p>",
    "PostedDate": "2010-01-10T06:28:09.293-08:00",
    "UserRole": null,
    "MarkedAsAnswerDate": null
  },
  {
    "Id": "275366",
    "ThreadId": "80334",
    "Html": "<p>Merci pour l'info.</p>\r\n<p>Je vais regarder ce que je peux faire pour l'expand/collapse... ce n'est pas compliqu&eacute; de l'impl&eacute;menter, mais c'est laborieux... et je ne dispose pas beaucoup de temps &agrave; consacrer &agrave; ce project!</p>\r\n<p>Pour les s&eacute;mantiques SM5, je vais regarder &ccedil;a aussi.</p>\r\n<p>&nbsp;</p>\r\n<p>&nbsp;</p>",
    "PostedDate": "2010-01-10T09:37:17.027-08:00",
    "UserRole": null,
    "MarkedAsAnswerDate": null
  },
  {
    "Id": "275368",
    "ThreadId": "80334",
    "Html": "This discussion has been copied to a work item. Click <a href=\"http://nshader.codeplex.com/WorkItem/View.aspx?WorkItemId=5079\">here</a> to go to the work item and continue the discussion.",
    "PostedDate": "2010-01-10T09:41:14.403-08:00",
    "UserRole": null,
    "MarkedAsAnswerDate": null
  },
  {
    "Id": "275374",
    "ThreadId": "80334",
    "Html": "<p>Au sujet des s&eacute;mantiques, il semble que ce soit &eacute;parpill&eacute; dans la doc, mais vous avez peut-&ecirc;tre d&eacute;j&agrave; une liste compl&egrave;te?</p>\r\n<p>&nbsp;</p>\r\n<p>[Edit]Ok, elles sont <a href=\"http://msdn.microsoft.com/en-us/library/ee416221(VS.85).aspx\">ici</a>[/Edit]</p>",
    "PostedDate": "2010-01-10T10:08:52.9-08:00",
    "UserRole": null,
    "MarkedAsAnswerDate": null
  },
  {
    "Id": "275383",
    "ThreadId": "80334",
    "Html": "Bonjour,<br><br>Pour les sémantiques d'E/S des shaders:<br>    http://msdn.microsoft.com/en-us/library/ee418355(VS.85).aspx<br><br>Pour les attributs des GS/HS/DS/PS:<br>    http://msdn.microsoft.com/en-us/library/ee416221(VS.85).aspx (SM5 <br>pour HS/DS/GS/PS)<br>+ http://msdn.microsoft.com/en-us/library/ee418313(VS.85).aspx (SM4 pour GS)<br><br>En passant, j'oubliai aussi les mots clés interface et class (cf liens <br>dynamiques).<br>Les expand/collapse sont aussi important dans ce cas (depuis le SM5).<br><br>Sinon, vous ne semblez pas être sensible à la casse (la variable In est <br>interprétée comme le<br>modificateur in).<br><br>Merci pour votre réactivité, pm.<br><br>alexandre_mutel wrote:<br>&gt;<br>&gt; From: alexandre_mutel<br>&gt;<br>&gt; Au sujet des sémantiques, il semble que ce soit éparpillé dans la doc, <br>&gt; mais vous avez peut-être déjà une liste complète?<br>&gt;<br>&gt; Read the full discussion online <br>&gt; &lt;http://nshader.codeplex.com/Thread/View.aspx?ThreadId=80334&ANCHOR#Post275374&gt;.<br>&gt;<br>&gt; To add a post to this discussion, reply to this email <br>&gt; ([email removed] <br>&gt; &lt;mailto:[email removed]?subject=%5Bnshader:80334%5D&gt;)<br>&gt;<br>&gt; To start a new discussion for this project, email <br>&gt; [email removed] &lt;mailto:[email removed]&gt;<br>&gt;<br>&gt; You are receiving this email because you subscribed to this discussion <br>&gt; on CodePlex. You can unsubscribe <br>&gt; &lt;http://www.codeplex.com/site/discussions/thread/unsubscribe/80334&gt; on <br>&gt; CodePlex.com.<br>&gt;<br>&gt; Please note: Images and attachments will be removed from emails. Any <br>&gt; posts to this discussion will also be available online at CodePlex.com<br>&gt;",
    "PostedDate": "2010-01-10T10:31:31.327-08:00",
    "UserRole": null,
    "MarkedAsAnswerDate": null
  },
  {
    "Id": "275389",
    "ThreadId": "80334",
    "Html": "<p>super merci.</p>\r\n<p>Pour la casse, c'est effectivement globalement non-sensible pour l'instant... comme hlsl est sensible sur certains cas mais pas d'autres, j'avais opt&eacute; pour le code le plus simple &agrave; d&eacute;velopper...</p>\r\n<p>mais si vous avez des infos sur la casse, je suis preneur, &ccedil;a m'aidera &agrave; avancer plus rapidement! ;)</p>\r\n<p>&nbsp;</p>",
    "PostedDate": "2010-01-10T10:46:07.603-08:00",
    "UserRole": null,
    "MarkedAsAnswerDate": null
  },
  {
    "Id": "444021",
    "ThreadId": "80334",
    "Html": "<p>Shader Model 5.0 and hlsl case sensitive syntax highlighting is part of NShader 1.1 now.</p>\r\n<p>But no collapse yet... may be for 1.2?!</p>\r\n<p>&nbsp;</p>",
    "PostedDate": "2010-05-17T15:38:16.457-07:00",
    "UserRole": null,
    "MarkedAsAnswerDate": null
  }
]