[
  {
    "Id": "528729",
    "ThreadId": "236495",
    "Html": "\r\n<p>Hi there, I was just trying to load the source into VS 2010 and I get this error:</p>\r\n<p>E:\\dev\\sdk\\nshader\\1.1\\NShaderVS2008\\NShaderVS2010.csproj : error&nbsp; : The project file 'E:\\dev\\sdk\\nshader\\1.1\\NShaderVS2008\\NShaderVS2010.csproj' cannot be opened.<br>\r\n<br>\r\nThe project type is not supported by this installation.</p>\r\n<p>&nbsp;</p>\r\n<p>Any ideas? I do have c# installed.</p>\r\n<p>Cheers,</p>\r\n<p>Anton</p>\r\n",
    "PostedDate": "2010-11-30T03:29:47.95-08:00",
    "UserRole": null,
    "MarkedAsAnswerDate": null
  },
  {
    "Id": "529328",
    "ThreadId": "236495",
    "Html": "\r\n<p>Don't know, but you need probably a professional edition and have installed the\r\n<a href=\"http://www.microsoft.com/downloads/en/details.aspx?FamilyID=47305cf4-2bea-43c0-91cd-1b853602dcc5&displaylang=en\">\r\nVisual Studio 2010 SDK</a>.</p>\r\n",
    "PostedDate": "2010-12-01T02:24:45.157-08:00",
    "UserRole": null,
    "MarkedAsAnswerDate": null
  }
]