[
  {
    "Id": "935711",
    "ThreadId": "401682",
    "Html": "\r\n<p>NShader 1.3 for VS2010 not highlighting and I can't remove it.</p>\r\n<p>About&nbsp;manually remove NShader:&nbsp;<a href=\"http://nshader.codeplex.com/workitem/6701\">http://nshader.codeplex.com/workitem/6701</a>,</p>\r\n<p><a href=\"http://nshader.codeplex.com/workitem/6701\"></a>but I did't find the &quot;32bits : HKEY_LOCAL_MACHINE\\SOFTWARE\\Microsoft\\Windows\\CurrentVersion\\Uninstall\\<span style=\"text-decoration:underline\">{24E159B3-9D95-48CC-8A29-C48EB4184487}</span>&quot;</p>\r\n",
    "PostedDate": "2012-11-02T07:21:42.177-07:00",
    "UserRole": null,
    "MarkedAsAnswerDate": null
  },
  {
    "Id": "935713",
    "ThreadId": "401682",
    "Html": "<p>This was for 2008 not for 2010.</p>\r\n<p>In order to remove NShader, It should be removable from extension manager if you are running your VS2012 in administrator mode.</p>",
    "PostedDate": "2012-11-02T07:24:17.807-07:00",
    "UserRole": null,
    "MarkedAsAnswerDate": null
  }
]