[
  {
    "Id": "954326",
    "ThreadId": "406344",
    "Html": "\r\n<p>I followed the steps here to add extensions since you didn't have time to add in a configurable file/option:&nbsp;http://nshader.codeplex.com/discussions/394745</p>\r\n<p>&nbsp;</p>\r\n<p>Because I added some extensions to that pkgdef, deleted the Cache tree, and now what I have is a crashing solution (or rather in a permanent loop) if the associated file is opened.</p>\r\n<p>I removed those extensions in pkgdef, but your plugin is still crashing my Visual Studio. Tried an uninstall, no avail, reinstall, same thing.</p>\r\n<p>I only omitted this part and was wondering is it safe to delete the whole tree (and it subtrees) of</p>\r\n<pre>HKEY_CURRENT_USER\\Software\\Microsoft\\VisualStudio\\10.0_Config</pre>\r\n<p>?</p>\r\n<p>&nbsp;</p>\r\n<p>I would appreciate it if you can post a FULL manual uninstall of your plugin. I have multiple customised settings of plugins and do not wish to do a reinstall of Visual Studio. I am using 1.3 of NShader.</p>\r\n",
    "PostedDate": "2012-12-10T22:24:37.093-08:00",
    "UserRole": null,
    "MarkedAsAnswerDate": null
  },
  {
    "Id": "954357",
    "ThreadId": "406344",
    "Html": "\r\n<p>I don't understand this &quot;tried an uninstall, no avail, reinstall&quot;. What is &quot;no avail&quot;?</p>\r\n<p>NShader in itself should work well, but VS extensions can conflicts between them, so when you say that this is NShader that is crashing your solution, this could be actually another extension that is interfering with NShader. The only thing I know is that\r\n NShader is a pretty simple extension that doesn't mess VS or perform any advanced trick with VS, so it is unlikely to crash. I wouldn't say the same for NSight, ReSharper, VisualAssist...etc. that are complex beast touching several parts of VS and often interfering\r\n with other extensions. So if you have a crash, it is not 100% sure that this is NShader, but could be another plugin or a combination of them.</p>\r\n<p>The registry key &quot;10.0_Config&quot; is rebuilt by VS201x when you launch it (unless nothing changed), so you can safely remote it. It is basically rebuilt from 10.0 and all pkgdefs around the disks.</p>\r\n<p>Also ,uninstalling NShader is just a matter of going to the extension manager and press uninstall button, If the button is disabled, you just have to run VS201x in administrator mode.</p>\r\n",
    "PostedDate": "2012-12-11T00:05:09.98-08:00",
    "UserRole": null,
    "MarkedAsAnswerDate": null
  },
  {
    "Id": "954646",
    "ThreadId": "406344",
    "Html": "\r\n<p>Oh I mean &quot;to no avail&quot;, sorry if I was unclear on that.</p>\r\n<p>Yea somehow VisualAssistX was causing it to hang.</p>\r\n<p>&nbsp;</p>\r\n<p>However one issue still remains.&nbsp;<span style=\"font-size:10pt\">So I delete that tree, disabled VAX and relaunched my project. No hanging. I opened up my .vert file, and it no longers show anything at all for that file. Pure blueness. No text, nothing, just\r\n a tab as usual. Any idea why that happened and how to fix it?</span></p>\r\n",
    "PostedDate": "2012-12-11T08:26:03.447-08:00",
    "UserRole": null,
    "MarkedAsAnswerDate": null
  },
  {
    "Id": "955081",
    "ThreadId": "406344",
    "Html": "\r\n<p>Sorry, never had this issue before, so I don't know what is the source of the problem.&nbsp; I have already added some extensions like this in NShader without getting any problem, so It is more likely a configuration problem in your VS.</p>\r\n",
    "PostedDate": "2012-12-12T05:46:35.213-08:00",
    "UserRole": null,
    "MarkedAsAnswerDate": null
  }
]