{
  "WorkItem": {
    "AffectedComponent": {
      "Name": "",
      "DisplayName": ""
    },
    "ClosedComment": "Probably a misconfiguration on the client side",
    "ClosedDate": "2012-06-19T00:51:56.483-07:00",
    "CommentCount": 2,
    "Custom": "",
    "Description": "I've only c# keywords are highlighted. float4, float3 etc. are not highlighted.",
    "LastUpdatedDate": "2012-06-19T00:51:56.483-07:00",
    "PlannedForRelease": "",
    "ReleaseVisibleToPublic": false,
    "Priority": {
      "Name": "Low",
      "Severity": 50,
      "Id": 1
    },
    "ProjectName": "nshader",
    "ReportedDate": "2011-05-25T14:21:07.22-07:00",
    "Status": {
      "Name": "Closed",
      "Id": 4
    },
    "ReasonClosed": {
      "Name": "Unassigned"
    },
    "Summary": "Only c# keywords highlighted",
    "Type": {
      "Name": "Issue",
      "Id": 3
    },
    "VoteCount": 1,
    "Id": 8888
  },
  "FileAttachments": [
    {
      "FileId": 393151,
      "FileName": "bug.png",
      "DownloadUrl": ".\\393151"
    }
  ],
  "Comments": [
    {
      "Message": "Go to menu Tools/Options/Text Editor/FileExtension. In the list on the right side, you shouldn't have any hlsl extension associated with an editor. If you have such an extension, remove it.",
      "PostedDate": "2011-05-25T15:07:44.157-07:00",
      "Id": 68744
    },
    {
      "Message": "The list is empty, but still no highlighting on hlsl.",
      "PostedDate": "2011-05-26T09:55:00.253-07:00",
      "Id": 68745
    }
  ]
}