{
  "WorkItem": {
    "AffectedComponent": {
      "Name": "",
      "DisplayName": ""
    },
    "ClosedComment": "Fixed in 1.3",
    "ClosedDate": "2012-06-19T00:51:02.76-07:00",
    "CommentCount": 1,
    "Custom": "",
    "Description": "VSIX Installer\n\n \n\nInstallation Failed\n\n \n\n    The installation was unable to install the extension to all the selected products..........",
    "LastUpdatedDate": "2012-06-19T00:51:02.76-07:00",
    "PlannedForRelease": "NShader 1.3 - VS2010 + VS2012",
    "ReleaseVisibleToPublic": true,
    "Priority": {
      "Name": "Low",
      "Severity": 50,
      "Id": 1
    },
    "ProjectName": "nshader",
    "ReportedDate": "2012-06-02T18:20:06.467-07:00",
    "Status": {
      "Name": "Closed",
      "Id": 4
    },
    "ReasonClosed": {
      "Name": "Unassigned"
    },
    "Summary": "Can't Install On Visual Studio 11 Beta, Fix It Please ~",
    "Type": {
      "Name": "Issue",
      "Id": 3
    },
    "VoteCount": 1,
    "Id": 10847
  },
  "FileAttachments": [],
  "Comments": [
    {
      "Message": "Currently busy with another project, but I will take a look when I have some time",
      "PostedDate": "2012-06-03T18:10:18-07:00",
      "Id": 68748
    }
  ]
}