{
  "WorkItem": {
    "AffectedComponent": {
      "Name": "",
      "DisplayName": ""
    },
    "ClosedComment": "",
    "ClosedDate": null,
    "CommentCount": 1,
    "Custom": "",
    "Description": "In order to be able to add new file extensions in NShader without having to recompile it, NShader should provide a custom window inside Tools/Options.",
    "LastUpdatedDate": "2013-05-10T04:41:29.723-07:00",
    "PlannedForRelease": "",
    "ReleaseVisibleToPublic": false,
    "Priority": {
      "Name": "Low",
      "Severity": 50,
      "Id": 1
    },
    "ProjectName": "nshader",
    "ReportedDate": "2010-06-02T04:48:32.553-07:00",
    "Status": {
      "Name": "Active",
      "Id": 2
    },
    "ReasonClosed": {
      "Name": "Unassigned"
    },
    "Summary": "Add a file extension manager window",
    "Type": {
      "Name": "Issue",
      "Id": 3
    },
    "VoteCount": 6,
    "Id": 6235
  },
  "FileAttachments": [],
  "Comments": [
    {
      "Message": "This features is very handy if you have custom shader file extensions. (Which I have)\r\nFor my custom file extensions I'm using standart \"Microsoft Visual C++\" for now istead of NShader.",
      "PostedDate": "2010-06-25T07:55:10.053-07:00",
      "Id": 68738
    }
  ]
}