{
  "WorkItem": {
    "AffectedComponent": {
      "Name": "",
      "DisplayName": ""
    },
    "ClosedComment": "It's a bug in VS2010. See http://nshader.codeplex.com/Thread/View.aspx?ThreadId=83356",
    "ClosedDate": "2011-01-28T05:56:38.787-08:00",
    "CommentCount": 0,
    "Custom": "",
    "Description": "in the title.",
    "LastUpdatedDate": "2011-01-28T05:56:38.787-08:00",
    "PlannedForRelease": "",
    "ReleaseVisibleToPublic": false,
    "Priority": {
      "Name": "Low",
      "Severity": 50,
      "Id": 1
    },
    "ProjectName": "nshader",
    "ReportedDate": "2010-06-02T04:44:01.42-07:00",
    "Status": {
      "Name": "Closed",
      "Id": 4
    },
    "ReasonClosed": {
      "Name": "Unassigned"
    },
    "Summary": "Color customization is not working under VS2010",
    "Type": {
      "Name": "Issue",
      "Id": 3
    },
    "VoteCount": 2,
    "Id": 6233
  },
  "FileAttachments": [],
  "Comments": []
}