[
  {
    "Id": 4237,
    "Title": "Missing extension .hlsl .psh .vsh for HLSL syntax highlighting"
  },
  {
    "Id": 4294,
    "Title": "Add texture.* functions from last GLSL spec"
  },
  {
    "Id": 5079,
    "Title": "Expand/Collapse"
  },
  {
    "Id": 5260,
    "Title": "Add syntax highlighting for pre-processor"
  },
  {
    "Id": 6233,
    "Title": "Color customization is not working under VS2010"
  },
  {
    "Id": 6234,
    "Title": "Add OpenGL 4.0 keywords"
  },
  {
    "Id": 6235,
    "Title": "Add a file extension manager window"
  },
  {
    "Id": 6348,
    "Title": "Register keyword missing (HLSL, cg)"
  },
  {
    "Id": 6349,
    "Title": "Pre-processor directives are highlighted differently from standard visual C++ highlighting"
  },
  {
    "Id": 6701,
    "Title": "Cannot uninstall nshader 1.0 if vs2008 is uninstalled first"
  },
  {
    "Id": 7137,
    "Title": "Needed HLSL Keywords"
  },
  {
    "Id": 7279,
    "Title": "Font & Color color settings do not show up in Japanese Visual Studio 2008"
  },
  {
    "Id": 8316,
    "Title": "Can't uninstall v1.2 and the highligting function is not working too"
  },
  {
    "Id": 8888,
    "Title": "Only c# keywords highlighted"
  },
  {
    "Id": 9975,
    "Title": "Colours don't change to reflect editor style"
  },
  {
    "Id": 10362,
    "Title": "Missing preprocessor syntax highlighting"
  },
  {
    "Id": 10822,
    "Title": "The \"Comment Selection\" include the first line after the selection"
  },
  {
    "Id": 10847,
    "Title": "Can't Install On Visual Studio 11 Beta, Fix It Please ~"
  },
  {
    "Id": 10848,
    "Title": "OpenCL \"shader\" support"
  },
  {
    "Id": 10849,
    "Title": "Cg with VS 2012"
  },
  {
    "Id": 10850,
    "Title": "visual studio 2010 - nshader fails to uninstall"
  },
  {
    "Id": 10851,
    "Title": "VS2013 support"
  },
  {
    "Id": 10852,
    "Title": "Syntax highlight doesn't work when opening project"
  },
  {
    "Id": 10853,
    "Title": "Doesn't work with VS2012"
  },
  {
    "Id": 10854,
    "Title": "VS 2015 support"
  }
]