{
  "WorkItem": {
    "AffectedComponent": {
      "Name": "",
      "DisplayName": ""
    },
    "ClosedComment": "Fixed in upcoming 1.2",
    "ClosedDate": "2011-01-28T06:17:51.24-08:00",
    "CommentCount": 0,
    "Custom": "",
    "Description": "Interpolation Modifiers\nhttp://msdn.microsoft.com/en-us/library/bb509668%28VS.85%29.aspx",
    "LastUpdatedDate": "2011-01-28T06:17:51.24-08:00",
    "PlannedForRelease": "",
    "ReleaseVisibleToPublic": false,
    "Priority": {
      "Name": "Low",
      "Severity": 50,
      "Id": 1
    },
    "ProjectName": "nshader",
    "ReportedDate": "2010-09-08T21:23:39.897-07:00",
    "Status": {
      "Name": "Closed",
      "Id": 4
    },
    "ReasonClosed": {
      "Name": "Unassigned"
    },
    "Summary": "Needed HLSL Keywords",
    "Type": {
      "Name": "Issue",
      "Id": 3
    },
    "VoteCount": 1,
    "Id": 7137
  },
  "FileAttachments": [],
  "Comments": []
}