{
  "WorkItem": {
    "AffectedComponent": {
      "Name": "",
      "DisplayName": ""
    },
    "ClosedComment": "",
    "ClosedDate": null,
    "CommentCount": 0,
    "Custom": null,
    "Description": "Syntax highlighting does not seem to work for me in VS2012 for Cg shaders.\r\n\r\nBoth *.cg and *.cgfx extensions do not highlight.\r\n\r\nGLSL and HLSL both work.\r\n\r\nI've disabled all other addons and just left NShader but to no avail.",
    "LastUpdatedDate": "2012-11-01T06:21:18.107-07:00",
    "PlannedForRelease": "",
    "ReleaseVisibleToPublic": false,
    "Priority": {
      "Name": "Low",
      "Severity": 50,
      "Id": 1
    },
    "ProjectName": "nshader",
    "ReportedDate": "2012-11-01T06:21:17.967-07:00",
    "Status": {
      "Name": "Proposed",
      "Id": 1
    },
    "ReasonClosed": {
      "Name": "Unassigned"
    },
    "Summary": "Cg with VS 2012",
    "Type": {
      "Name": "Issue",
      "Id": 3
    },
    "VoteCount": 1,
    "Id": 10849
  },
  "FileAttachments": [
    {
      "FileId": 525055,
      "FileName": "cgmissinghighlighting.PNG",
      "DownloadUrl": ".\\525055"
    }
  ],
  "Comments": []
}