{
  "WorkItem": {
    "AffectedComponent": {
      "Name": "",
      "DisplayName": ""
    },
    "ClosedComment": "",
    "ClosedDate": null,
    "CommentCount": 2,
    "Custom": null,
    "Description": "nshader has stopped working in visual studio 2010. Through the extension manager the option to disable or uninstall is blanked out.\r\n\r\nI also have visual studio 2012 installed but am using the older compiler.\r\n\r\nI cannot remove this software, very annoying",
    "LastUpdatedDate": "2013-05-06T22:28:51.03-07:00",
    "PlannedForRelease": "",
    "ReleaseVisibleToPublic": false,
    "Priority": {
      "Name": "Unassigned",
      "Severity": 0,
      "Id": 0
    },
    "ProjectName": "nshader",
    "ReportedDate": "2013-05-04T12:23:58.37-07:00",
    "Status": {
      "Name": "Proposed",
      "Id": 1
    },
    "ReasonClosed": {
      "Name": "Unassigned"
    },
    "Summary": "visual studio 2010 - nshader fails to uninstall",
    "Type": {
      "Name": "Unassigned",
      "Id": 5
    },
    "VoteCount": 1,
    "Id": 10850
  },
  "FileAttachments": [],
  "Comments": [
    {
      "Message": "The plugin must be desinstalled with administrative rights, so you need to run your VS2012 in administrative mode.",
      "PostedDate": "2013-05-06T22:28:24.417-07:00",
      "Id": 99538
    },
    {
      "Message": "This apply to VS2010 as well",
      "PostedDate": "2013-05-06T22:28:51.03-07:00",
      "Id": 99539
    }
  ]
}