{
  "WorkItem": {
    "AffectedComponent": {
      "Name": "",
      "DisplayName": ""
    },
    "ClosedComment": "Fixed in upcoming 1.2",
    "ClosedDate": "2011-01-28T06:17:05.483-08:00",
    "CommentCount": 1,
    "Custom": "",
    "Description": "Pre processor directives are highlighted differently from standard visual stuido c++ highlighting. With default visual stuido settings, pre procecessor directives are highlighted as keywords (blue color) and their parameters are highlighted as indentifers however NShader highlights whole post processor line with grey color.\n\nThis behevior does not match with standard visual studio highlighting behevior and produces ambiguity for the user.",
    "LastUpdatedDate": "2011-01-28T06:17:05.483-08:00",
    "PlannedForRelease": "NShader 1.2 - VS2010",
    "ReleaseVisibleToPublic": true,
    "Priority": {
      "Name": "Low",
      "Severity": 50,
      "Id": 1
    },
    "ProjectName": "nshader",
    "ReportedDate": "2010-06-25T07:51:59.08-07:00",
    "Status": {
      "Name": "Closed",
      "Id": 4
    },
    "ReasonClosed": {
      "Name": "Unassigned"
    },
    "Summary": "Pre-processor directives are highlighted differently from standard visual C++ highlighting",
    "Type": {
      "Name": "Issue",
      "Id": 3
    },
    "VoteCount": 1,
    "Id": 6349
  },
  "FileAttachments": [],
  "Comments": [
    {
      "Message": "Indeed, It's a bug. For some reason, I changed this in the last version. I will switch it back to previous behavior.",
      "PostedDate": "2010-06-25T08:33:05.3-07:00",
      "Id": 68739
    }
  ]
}