{
  "WorkItem": {
    "AffectedComponent": {
      "Name": "",
      "DisplayName": ""
    },
    "ClosedComment": "No feedback.",
    "ClosedDate": "2012-06-19T00:53:00.88-07:00",
    "CommentCount": 2,
    "Custom": "",
    "Description": "It doesn't make any change to my highlighting in visual studio 2010 Ultimate and I'm unable to uninstall this(the uninstall button is gray). FYI I have vs2008 also install in my machine.",
    "LastUpdatedDate": "2012-06-19T00:53:00.88-07:00",
    "PlannedForRelease": "",
    "ReleaseVisibleToPublic": false,
    "Priority": {
      "Name": "Low",
      "Severity": 50,
      "Id": 1
    },
    "ProjectName": "nshader",
    "ReportedDate": "2011-02-09T11:44:44.29-08:00",
    "Status": {
      "Name": "Closed",
      "Id": 4
    },
    "ReasonClosed": {
      "Name": "Unassigned"
    },
    "Summary": "Can't uninstall v1.2 and the highligting function is not working too",
    "Type": {
      "Name": "Issue",
      "Id": 3
    },
    "VoteCount": 2,
    "Id": 8316
  },
  "FileAttachments": [],
  "Comments": [
    {
      "Message": "In order to uninstall the 1.2 version, you need to run VS2010 in admin mode.\r\nCould you precise a bit more your test case that doesn't work? what kind of file you try to highlight (hlsl, glsl, cg?), what is the extension of the file?",
      "PostedDate": "2011-02-09T14:28:58.25-08:00",
      "Id": 68742
    },
    {
      "Message": "This problem might be related to what i wrote here: http://nshader.codeplex.com/discussions/247500#post575574",
      "PostedDate": "2011-03-20T06:37:57.45-07:00",
      "Id": 68743
    }
  ]
}