{
  "WorkItem": {
    "AffectedComponent": {
      "Name": "",
      "DisplayName": ""
    },
    "ClosedComment": "No feedback",
    "ClosedDate": "2012-06-19T00:53:42.003-07:00",
    "CommentCount": 1,
    "Custom": "",
    "Description": "I like to use a custom dark colour scheme and the NShader highlighted syntax still uses the same colours (rather than the ones I've defined).",
    "LastUpdatedDate": "2012-06-19T00:53:42.003-07:00",
    "PlannedForRelease": "",
    "ReleaseVisibleToPublic": false,
    "Priority": {
      "Name": "Low",
      "Severity": 50,
      "Id": 1
    },
    "ProjectName": "nshader",
    "ReportedDate": "2011-12-08T13:04:16.643-08:00",
    "Status": {
      "Name": "Closed",
      "Id": 4
    },
    "ReasonClosed": {
      "Name": "Unassigned"
    },
    "Summary": "Colours don't change to reflect editor style",
    "Type": {
      "Name": "Issue",
      "Id": 3
    },
    "VoteCount": 1,
    "Id": 9975
  },
  "FileAttachments": [
    {
      "FileId": 393152,
      "FileName": "OptionsColor.png",
      "DownloadUrl": ".\\393152"
    }
  ],
  "Comments": [
    {
      "Message": "Did you try to change the Shader - colors from Options/Font and Colors?\r\n\r\nAlso, If they don't appear, follow this discussion http://nshader.codeplex.com/discussions/83356",
      "PostedDate": "2011-12-10T01:01:09.9-08:00",
      "Id": 68746
    }
  ]
}