{
  "WorkItem": {
    "AffectedComponent": {
      "Name": "",
      "DisplayName": ""
    },
    "ClosedComment": "",
    "ClosedDate": "2011-01-28T05:57:24.46-08:00",
    "CommentCount": 0,
    "Custom": "",
    "Description": "in the title.",
    "LastUpdatedDate": "2011-01-28T05:57:24.46-08:00",
    "PlannedForRelease": "NShader 1.1 - VS2008",
    "ReleaseVisibleToPublic": true,
    "Priority": {
      "Name": "Low",
      "Severity": 50,
      "Id": 1
    },
    "ProjectName": "nshader",
    "ReportedDate": "2009-10-02T08:18:14.017-07:00",
    "Status": {
      "Name": "Closed",
      "Id": 4
    },
    "ReasonClosed": {
      "Name": "Unassigned"
    },
    "Summary": "Missing extension .hlsl .psh .vsh for HLSL syntax highlighting",
    "Type": {
      "Name": "Issue",
      "Id": 3
    },
    "VoteCount": 1,
    "Id": 4237
  },
  "FileAttachments": [],
  "Comments": []
}