{
  "WorkItem": {
    "AffectedComponent": {
      "Name": "",
      "DisplayName": ""
    },
    "ClosedComment": "",
    "ClosedDate": null,
    "CommentCount": 0,
    "Custom": null,
    "Description": "Here's a build that seems to work with VS 2015 RC. I hacked at the VS2013andUnityShaders code until I got something that succeeded in installing. I'm not sure if it will work with older versions as well. Hopefully IssamK will provide us with a more official version soon :-)",
    "LastUpdatedDate": "2015-05-23T13:57:44.433-07:00",
    "PlannedForRelease": "",
    "ReleaseVisibleToPublic": false,
    "Priority": {
      "Name": "Unassigned",
      "Severity": 0,
      "Id": 0
    },
    "ProjectName": "nshader",
    "ReportedDate": "2015-05-23T13:57:44.213-07:00",
    "Status": {
      "Name": "Proposed",
      "Id": 1
    },
    "ReasonClosed": {
      "Name": "Unassigned"
    },
    "Summary": "VS 2015 support",
    "Type": {
      "Name": "Unassigned",
      "Id": 5
    },
    "VoteCount": 1,
    "Id": 10854
  },
  "FileAttachments": [
    {
      "FileId": 1458545,
      "FileName": "NShader.vsix",
      "DownloadUrl": ".\\1458545"
    }
  ],
  "Comments": []
}