{
  "WorkItem": {
    "AffectedComponent": {
      "Name": "",
      "DisplayName": ""
    },
    "ClosedComment": "",
    "ClosedDate": null,
    "CommentCount": 0,
    "Custom": null,
    "Description": "Here's how to reproduce (VS2010):\r\n\r\n1. Open project\r\n2. Close all open files\r\n3. Open shader file (in my case it was an .fx file)\r\n4. Close Visual Studio\r\n5. Open project again\r\n\r\nNow the shader file should be open but without any syntax highlighting. Closing the file and reopening it makes it work again.",
    "LastUpdatedDate": "2013-11-21T07:54:46.687-08:00",
    "PlannedForRelease": "",
    "ReleaseVisibleToPublic": false,
    "Priority": {
      "Name": "Unassigned",
      "Severity": 0,
      "Id": 0
    },
    "ProjectName": "nshader",
    "ReportedDate": "2013-11-21T07:54:46.343-08:00",
    "Status": {
      "Name": "Proposed",
      "Id": 1
    },
    "ReasonClosed": {
      "Name": "Unassigned"
    },
    "Summary": "Syntax highlight doesn't work when opening project",
    "Type": {
      "Name": "Unassigned",
      "Id": 5
    },
    "VoteCount": 1,
    "Id": 10852
  },
  "FileAttachments": [
    {
      "FileId": 761088,
      "FileName": "repro.gif",
      "DownloadUrl": ".\\761088"
    }
  ],
  "Comments": []
}