{
  "WorkItem": {
    "AffectedComponent": {
      "Name": "",
      "DisplayName": ""
    },
    "ClosedComment": "",
    "ClosedDate": null,
    "CommentCount": 1,
    "Custom": null,
    "Description": "I shutdown visual studio.\r\nInstalled NShader for JUST VS2012 (I also have 2010)\r\n\r\nOpened project ...\r\nOpened files with extension .frag and .vert ....just text\r\n\r\nI don't know should I pull source and debug?",
    "LastUpdatedDate": "2014-05-30T07:44:07.92-07:00",
    "PlannedForRelease": "",
    "ReleaseVisibleToPublic": false,
    "Priority": {
      "Name": "Unassigned",
      "Severity": 0,
      "Id": 0
    },
    "ProjectName": "nshader",
    "ReportedDate": "2014-05-16T07:39:00.3-07:00",
    "Status": {
      "Name": "Proposed",
      "Id": 1
    },
    "ReasonClosed": {
      "Name": "Unassigned"
    },
    "Summary": "Doesn't work with VS2012",
    "Type": {
      "Name": "Unassigned",
      "Id": 5
    },
    "VoteCount": 1,
    "Id": 10853
  },
  "FileAttachments": [],
  "Comments": [
    {
      "Message": "Update.\nI was experimenting with Effects.\nIf I name the file with extension hlsl it works.\n\nIs there anyway I can register other file extensions with the NShader plugin?",
      "PostedDate": "2014-05-30T07:44:07.92-07:00",
      "Id": 148390
    }
  ]
}