{
  "WorkItem": {
    "AffectedComponent": {
      "Name": "",
      "DisplayName": ""
    },
    "ClosedComment": "Fixed in upcoming 1.2",
    "ClosedDate": "2011-01-28T06:11:43.79-08:00",
    "CommentCount": 0,
    "Custom": "",
    "Description": "Keywords to add:\n\n#define\n#undef\n#if\n#ifdef\n#ifndef\n#else\n#elif\n#endif\n#error\n#pragma\n#extension\n#version\n#line\n\nattribute\nconst\nuniform\nvarying\nlayout\ncentroid\nflat\nsmooth\nnoperspective\npatch\nsample\nbreak\ncontinue\ndo\nfor\nforeach\nwhile\nswitch\ncase\ndefault\nif\nelse\nsubroutine\nin\nout\ninout\nfloat\ndouble\nint\nvoid\nbool\ntrue\nfalse\ninvariant\ndiscard\nreturn\nmat2\nmat3\nmat4\ndmat2\ndmat3\ndmat4\nmat2x2\nmat2x3\nmat2x4\ndmat2x2\ndmat2x3\ndmat2x4\nmat3x2\nmat3x3\nmat3x4\ndmat3x2\ndmat3x3\ndmat3x4\nmat4x2\nmat4x3\nmat4x4\ndmat4x2\ndmat4x3\ndmat4x4\nvec2\nvec3\nvec4\nivec2\nivec3\nivec4\nbvec2\nbvec3\nbvec4\ndvec2\ndvec3\ndvec4\nuint\nuvec2\nuvec3\nuvec4\nlowp\nmediump\nhighp\nprecision\nsampler1D\nsampler2D\nsampler3D\nsamplerCube\nsampler1DShadow\nsampler2DShadow\nsamplerCubeShadow\nsampler1DArray\nsampler2DArray\nsampler1DArrayShadow\nsampler2DArrayShadow\nisampler1D\nisampler2D\nisampler3D\nisamplerCube\nisampler1DArray\nisampler2DArray\nusampler1D\nusampler2D\nusampler3D\nusamplerCube\nusampler1DArray\nusampler2DArray\nsampler2DRect\nsampler2DRectShadow\nisampler2DRect\nusampler2DRect\nsamplerBuffer\nisamplerBuffer\nusamplerBuffer\nsampler2DMS\nisampler2DMS\nusampler2DMS\nsampler2DMSArray\nisampler2DMSArray\nusampler2DMSArray\nsamplerCubeArray\nsamplerCubeArrayShadow\nisamplerCubeArray\nusamplerCubeArray\nstruct\n\ncommon\npartition\nactive\nasm\nclass\nunion\nenum\ntypedef\ntemplate\nthis\npacked\ngoto\ninline\nnoinline\nvolatile\npublic\nstatic\nextern\nexternal\ninterface\nlong\nshort\nhalf\nfixed\nunsigned\nsuperp\ninput\noutput\nhvec2\nhvec3\nhvec4\nfvec2\nfvec3\nfvec4\nsampler3DRect\nfilter\nsizeof\ncast\nnamespace\nusing\nrow_major",
    "LastUpdatedDate": "2011-01-28T06:11:43.79-08:00",
    "PlannedForRelease": "NShader 1.2 - VS2010",
    "ReleaseVisibleToPublic": true,
    "Priority": {
      "Name": "Low",
      "Severity": 50,
      "Id": 1
    },
    "ProjectName": "nshader",
    "ReportedDate": "2010-06-02T04:45:54.073-07:00",
    "Status": {
      "Name": "Closed",
      "Id": 4
    },
    "ReasonClosed": {
      "Name": "Unassigned"
    },
    "Summary": "Add OpenGL 4.0 keywords",
    "Type": {
      "Name": "Issue",
      "Id": 3
    },
    "VoteCount": 2,
    "Id": 6234
  },
  "FileAttachments": [],
  "Comments": []
}