{
  "WorkItem": {
    "AffectedComponent": {
      "Name": "",
      "DisplayName": ""
    },
    "ClosedComment": "Fixed in 1.3",
    "ClosedDate": "2012-06-19T00:51:17.37-07:00",
    "CommentCount": 1,
    "Custom": "",
    "Description": "When using \"Comment Selection\" or \"Uncomment Selection\" commands in a shader file from Visual Studio from the menu Edit > Advanced or with the Ctrl+K, Ctrl+C or Ctrl+K, Ctrl+U shortcuts, the line directly following the selection (usually where the caret is located) is also commented/uncommented, which is inconsistent with standard Visual Studio behavior. (tested on 2008 Professional)",
    "LastUpdatedDate": "2012-06-19T00:51:17.37-07:00",
    "PlannedForRelease": "NShader 1.3 - VS2010 + VS2012",
    "ReleaseVisibleToPublic": true,
    "Priority": {
      "Name": "Low",
      "Severity": 50,
      "Id": 1
    },
    "ProjectName": "nshader",
    "ReportedDate": "2012-05-27T07:59:07.36-07:00",
    "Status": {
      "Name": "Closed",
      "Id": 4
    },
    "ReasonClosed": {
      "Name": "Unassigned"
    },
    "Summary": "The \"Comment Selection\" include the first line after the selection",
    "Type": {
      "Name": "Issue",
      "Id": 3
    },
    "VoteCount": 1,
    "Id": 10822
  },
  "FileAttachments": [],
  "Comments": [
    {
      "Message": "Sorry, it is only released for VS2010 and VS2012",
      "PostedDate": "2012-06-19T00:47:01.22-07:00",
      "Id": 68747
    }
  ]
}