{
  "WorkItem": {
    "AffectedComponent": {
      "Name": "",
      "DisplayName": ""
    },
    "ClosedComment": "",
    "ClosedDate": "2011-01-28T05:57:51.433-08:00",
    "CommentCount": 1,
    "Custom": "",
    "Description": "GLSL Examples:\n#ifdef SHADOWS_ENABLED\n#ifndef PARALLAX_ENABLED\n#if NUM_LIGHTS >= 1\n#endif",
    "LastUpdatedDate": "2011-01-28T05:57:51.433-08:00",
    "PlannedForRelease": "NShader 1.1 - VS2008",
    "ReleaseVisibleToPublic": true,
    "Priority": {
      "Name": "Low",
      "Severity": 50,
      "Id": 1
    },
    "ProjectName": "nshader",
    "ReportedDate": "2010-02-08T00:50:30.61-08:00",
    "Status": {
      "Name": "Closed",
      "Id": 4
    },
    "ReasonClosed": {
      "Name": "Unassigned"
    },
    "Summary": "Add syntax highlighting for pre-processor",
    "Type": {
      "Name": "Issue",
      "Id": 3
    },
    "VoteCount": 1,
    "Id": 5260
  },
  "FileAttachments": [],
  "Comments": [
    {
      "Message": "I just realized that these work fine on VS2008 with SP1. It seems that they failed to work on vanilla VS2008 for some unknown reason.\r\n\r\nSorry for the false alarm.",
      "PostedDate": "2010-02-08T00:52:47.797-08:00",
      "Id": 68737
    }
  ]
}