{
  "WorkItem": {
    "AffectedComponent": {
      "Name": "",
      "DisplayName": ""
    },
    "ClosedComment": "Fixed in upcoming 1.2",
    "ClosedDate": "2011-01-28T06:15:58.53-08:00",
    "CommentCount": 0,
    "Custom": "",
    "Description": "Register keyword is missing so it is not highlighted by NShader.\n\nFrom MSDN:\nregister (DirectX HLSL)\nOptional keyword for assigning a shader variable to a particular register, which uses the following syntax:\nsampler myVar : register( ps_5_0, s ); \nsampler myVar : register( vs, s[8] );\nsampler myVar : register( ps, s[2] ) \n              : register( ps_5_0, s[0] ) \n              : register( vs, s[8] );",
    "LastUpdatedDate": "2011-01-28T06:15:58.53-08:00",
    "PlannedForRelease": "NShader 1.2 - VS2010",
    "ReleaseVisibleToPublic": true,
    "Priority": {
      "Name": "Low",
      "Severity": 50,
      "Id": 1
    },
    "ProjectName": "nshader",
    "ReportedDate": "2010-06-25T07:40:26.737-07:00",
    "Status": {
      "Name": "Closed",
      "Id": 4
    },
    "ReasonClosed": {
      "Name": "Unassigned"
    },
    "Summary": "Register keyword missing (HLSL, cg)",
    "Type": {
      "Name": "Issue",
      "Id": 3
    },
    "VoteCount": 1,
    "Id": 6348
  },
  "FileAttachments": [],
  "Comments": []
}