{
  "WorkItem": {
    "AffectedComponent": {
      "Name": "",
      "DisplayName": ""
    },
    "ClosedComment": "",
    "ClosedDate": null,
    "CommentCount": 0,
    "Custom": null,
    "Description": "Thanks for very helpful extension!",
    "LastUpdatedDate": "2015-02-04T14:41:33.943-08:00",
    "PlannedForRelease": "",
    "ReleaseVisibleToPublic": false,
    "Priority": {
      "Name": "Unassigned",
      "Severity": 0,
      "Id": 0
    },
    "ProjectName": "nshader",
    "ReportedDate": "2013-11-17T00:45:53.457-08:00",
    "Status": {
      "Name": "Proposed",
      "Id": 1
    },
    "ReasonClosed": {
      "Name": "Unassigned"
    },
    "Summary": "VS2013 support",
    "Type": {
      "Name": "Unassigned",
      "Id": 5
    },
    "VoteCount": 7,
    "Id": 10851
  },
  "FileAttachments": [],
  "Comments": []
}