{
  "WorkItem": {
    "AffectedComponent": {
      "Name": "",
      "DisplayName": ""
    },
    "ClosedComment": "Unable to reproduce",
    "ClosedDate": "2012-06-19T00:50:38.227-07:00",
    "CommentCount": 1,
    "Custom": "",
    "Description": "Hello and thank you for providing this missing feature for free!  \n\nIt looks like color settings don't show up in the Font & Colors dialog if there is not a localized version available, which is problematic if you program over dark blue and can't read reserved words anymore... \n\nI'd be more than happy to provide Japanese translations if needed.",
    "LastUpdatedDate": "2012-06-19T00:50:38.227-07:00",
    "PlannedForRelease": "",
    "ReleaseVisibleToPublic": false,
    "Priority": {
      "Name": "Low",
      "Severity": 50,
      "Id": 1
    },
    "ProjectName": "nshader",
    "ReportedDate": "2010-09-28T22:27:21.897-07:00",
    "Status": {
      "Name": "Closed",
      "Id": 4
    },
    "ReasonClosed": {
      "Name": "Unassigned"
    },
    "Summary": "Font & Color color settings do not show up in Japanese Visual Studio 2008",
    "Type": {
      "Name": "Issue",
      "Id": 3
    },
    "VoteCount": 1,
    "Id": 7279
  },
  "FileAttachments": [],
  "Comments": [
    {
      "Message": "Did you try this http://nshader.codeplex.com/Thread/View.aspx?ThreadId=83356 ?",
      "PostedDate": "2011-01-28T06:18:33.297-08:00",
      "Id": 68741
    }
  ]
}