{
  "WorkItem": {
    "AffectedComponent": {
      "Name": "",
      "DisplayName": ""
    },
    "ClosedComment": "",
    "ClosedDate": "2012-06-19T00:53:18.447-07:00",
    "CommentCount": 1,
    "Custom": "",
    "Description": "I uninstalled visual studio 2008 and installed visual studio 2010. Then when I try to uninstall nshader 1.0 I have an error message saying that \"NShader 1.0 requires Visual Studio 2008\". I don't want to re-install visual studio 2008, just for uninstalling NShader 1.0. How do you check if visual studio 2008 is installed ? Is that a registry key ? I could add it, uninstall NShader 1.0 and then delete the registry key.\nIf not could you please let me know what to delete to completely get rid of nshader 1.0 (I'm on win 7 x64)\n\nThank you very much\n\nEric",
    "LastUpdatedDate": "2012-06-19T00:53:18.447-07:00",
    "PlannedForRelease": "",
    "ReleaseVisibleToPublic": false,
    "Priority": {
      "Name": "Low",
      "Severity": 50,
      "Id": 1
    },
    "ProjectName": "nshader",
    "ReportedDate": "2010-07-23T15:15:22.04-07:00",
    "Status": {
      "Name": "Closed",
      "Id": 4
    },
    "ReasonClosed": {
      "Name": "Unassigned"
    },
    "Summary": "Cannot uninstall nshader 1.0 if vs2008 is uninstalled first",
    "Type": {
      "Name": "Issue",
      "Id": 3
    },
    "VoteCount": 1,
    "Id": 6701
  },
  "FileAttachments": [],
  "Comments": [
    {
      "Message": "This is indeed a bug, sorry for the inconvenience.\r\n\r\nThe only workaround I can propose you is to manually remove NShader. To do this, you just have to :\r\n- Remove NShader folder in \"Program files\"\r\n- Remove the following folder registry (using regedit): \r\n     - for 32bits : HKEY_LOCAL_MACHINE\\SOFTWARE\\Microsoft\\Windows\\CurrentVersion\\Uninstall\\{24E159B3-9D95-48CC-8A29-C48EB4184487}\r\n     - for 64bits : HKEY_LOCAL_MACHINE\\SOFTWARE\\Wow6432Node\\Microsoft\\Windows\\CurrentVersion\\Uninstall\\{24E159B3-9D95-48CC-8A29-C48EB4184487}",
      "PostedDate": "2010-08-11T02:25:54.12-07:00",
      "Id": 68740
    }
  ]
}