{
  "WorkItem": {
    "AffectedComponent": {
      "Name": "",
      "DisplayName": ""
    },
    "ClosedComment": "",
    "ClosedDate": "2012-06-03T18:08:32.65-07:00",
    "CommentCount": 0,
    "Custom": "",
    "Description": "(Using Version 1.1 because I'm using VS2008)\n\nWhen spaces are present between the # and the directive proper syntax highlighting is not applied...\n\nFor example:\n\n#ifdef TEXTURED\n# ifdef TRANSPARENT\n\n... the second line is not grayed out.",
    "LastUpdatedDate": "2012-06-03T18:08:32.65-07:00",
    "PlannedForRelease": "",
    "ReleaseVisibleToPublic": false,
    "Priority": {
      "Name": "Low",
      "Severity": 50,
      "Id": 1
    },
    "ProjectName": "nshader",
    "ReportedDate": "2012-02-11T12:21:24.547-08:00",
    "Status": {
      "Name": "Closed",
      "Id": 4
    },
    "ReasonClosed": {
      "Name": "Unassigned"
    },
    "Summary": "Missing preprocessor syntax highlighting",
    "Type": {
      "Name": "Issue",
      "Id": 3
    },
    "VoteCount": 1,
    "Id": 10362
  },
  "FileAttachments": [],
  "Comments": []
}