[
  {
    "Id": "0",
    "Name": "NShader 1.2 - VS2010",
    "DevelopmentStatus": "Stable",
    "Description": "- Bugfix when using NShader from a user domain account\n- Bugfix on preprocessor directive that were not highlighted correctly\n- Bugfix for strings. Strings are now highlighted correctly\n- Add new GLSL keywords 4.0\n- Add new HLSL keywords (Interpolation Modifiers, register modifier)\n- Add *.fxh files extension for HLSL files\n- Add *.geom files extension for GLSL files",
    "ReleasedDatge": "0001-01-01T00:00:00",
    "ModifiedDate": "2011-01-29T06:31:11.167-08:00",
    "Files": [
      {
        "Id": "d5c9f20c-6377-47ea-90a4-4ef1a28a7d69",
        "FileName": "NShader.vsix",
        "Url": "./0/d5c9f20c-6377-47ea-90a4-4ef1a28a7d69",
        "Type": "Application",
        "UploadDate": "2011-01-29T06:30:54.853-08:00"
      }
    ]
  },
  {
    "Id": "1",
    "Name": "NShader 1.1 - VS2008",
    "DevelopmentStatus": "Stable",
    "Description": "New release of NShader!\n\nNew : \n- a Visual Studio 2010 port can be installed through the new extension manager : use *NShaderVS2010.vsix* and run it (NShaderVS2008.msi is only relevant for VS2008)\n\nBugfixes :\n- New file extensions supported : .hlsl, .vsh  (for vertex shader), .psh (for pixel shader) for HLSL files\n- HLSL should be compliant with latest Shader Model 5.0 (DirectX 11)\n- GLSL is including texture*.* functions (but is not probably fully compliant with latest specs. Please, report any missing functions).",
    "ReleasedDatge": "0001-01-01T00:00:00",
    "ModifiedDate": "2011-01-29T06:31:39.663-08:00",
    "Files": [
      {
        "Id": "b67af43d-7953-4c52-8f84-31cdb85e93c4",
        "FileName": "NShader.zip",
        "Url": "./1/b67af43d-7953-4c52-8f84-31cdb85e93c4",
        "Type": "Application",
        "UploadDate": "2010-05-22T01:22:44.597-07:00"
      },
      {
        "Id": "dcea9d3d-43f7-435e-ae59-6a97dfddf957",
        "FileName": "NShader.msi",
        "Url": "./1/dcea9d3d-43f7-435e-ae59-6a97dfddf957",
        "Type": "Application",
        "UploadDate": "2010-05-16T14:37:22.537-07:00"
      },
      {
        "Id": "a57a574b-f8e0-4f37-8854-55f4a928be0d",
        "FileName": "NShader.vsix",
        "Url": "./1/a57a574b-f8e0-4f37-8854-55f4a928be0d",
        "Type": "Application",
        "UploadDate": "2010-05-16T14:37:22.583-07:00"
      }
    ]
  },
  {
    "Id": "2",
    "Name": "NShader 1.0",
    "DevelopmentStatus": "Stable",
    "Description": "Initial version. NShader is an extension to Visual Studio 2008 that provides syntax highlighting for various shader languages including HLSL - GLSL - CG.",
    "ReleasedDatge": "0001-01-01T00:00:00",
    "ModifiedDate": "2009-10-01T06:24:54.843-07:00",
    "Files": [
      {
        "Id": "1dbfee7c-7ce1-426f-935b-71d3ab2f52e5",
        "FileName": "NShader.msi",
        "Url": "./2/1dbfee7c-7ce1-426f-935b-71d3ab2f52e5",
        "Type": "Application",
        "UploadDate": "2009-10-01T06:21:50.433-07:00"
      }
    ]
  },
  {
    "Id": "3",
    "Name": "NShader 1.3 - VS2010 + VS2012",
    "DevelopmentStatus": "Stable",
    "Description": "This is a small maintenance release to support new VS2012 as well as VS2010.\n\nThis release is also fixing the issue [workitem:The \"Comment Selection\" include the first line after the selection|10822]\n\nIf the new NShader version doesn't highlight your shader, you can try to:\n* Remove the registry entry:  {{ HKEY_CURRENT_USER\\Software\\Microsoft\\VisualStudio\\11.0\\FontAndColors\\Cache }} and {{ HKEY_CURRENT_USER\\Software\\Microsoft\\VisualStudio\\11.0_Config }}\n* Remove all lines using \"fx\" or \"hlsl\" in file {{ C:\\Program Files (x86)\\Microsoft Visual Studio 11.0\\Common7\\IDE\\CommonExtensions\\Microsoft\\VC\\VC_Pkg_Core_Registration.pkgdef }}",
    "ReleasedDatge": "0001-01-01T00:00:00",
    "ModifiedDate": "2013-01-18T05:06:08.82-08:00",
    "Files": [
      {
        "Id": "901fca17-a686-415b-85d5-c54445f87d62",
        "FileName": "NShader.vsix",
        "Url": "./3/901fca17-a686-415b-85d5-c54445f87d62",
        "Type": "Application",
        "UploadDate": "2012-06-18T21:38:09.79-07:00"
      }
    ]
  }
]