[
  {
    "Title": "Home",
    "Id": "689095",
    "ParentWikiTitle": "Home",
    "FileExtension": "codeplexwiki",
    "UpdatedDate": "2013-02-06T19:09:56.427-08:00",
    "FileAttachments": [
      {
        "Id": "8204367f-038f-4916-ab49-5fa682eda86a",
        "FileName": "SyntaxHighlightingSample.png",
        "DownloadUri": "./689095/8204367f-038f-4916-ab49-5fa682eda86a"
      }
    ]
  },
  {
    "Title": "How to use NShader syntax highlighting with NSight",
    "Id": "504362",
    "ParentWikiTitle": "Home",
    "FileExtension": "codeplexwiki",
    "UpdatedDate": "2011-12-04T20:45:03.713-08:00",
    "FileAttachments": []
  }
]
